#
# A fatal error has been detected by the Java Runtime Environment:
#
#  EXCEPTION_ACCESS_VIOLATION (0xc0000005) at pc=0x00007fffa9f1aa58, pid=33568, tid=34444
#
# JRE version: OpenJDK Runtime Environment Temurin-21.0.1+12 (21.0.1+12) (build 21.0.1+12-LTS)
# Java VM: OpenJDK 64-Bit Server VM Temurin-21.0.1+12 (21.0.1+12-LTS, mixed mode, sharing, tiered, compressed oops, compressed class ptrs, g1 gc, windows-amd64)
# Problematic frame:
# C  0x00007fffa9f1aa58
#
# No core dump will be written. Minidumps are not enabled by default on client versions of Windows
#
# If you would like to submit a bug report, please visit:
#   https://github.com/adoptium/adoptium-support/issues
# The crash happened outside the Java Virtual Machine in native code.
# See problematic frame for where to report the bug.
#

---------------  S U M M A R Y ------------

Command Line: -Dsun.java2d.pmoffscreen=false -Dhttps.protocols=TLSv1,TLSv1.1,TLSv1.2 -Dsun.java2d.xrender=false -Dsun.java2d.d3d=false -Dsun.awt.nopixfmt=true -Dsun.java2d.dpiaware=true -Dsun.java2d.uiScale.enabled=false -Dswing.aatext=true -XX:-UsePerfData -Djdk.map.althashing.threshold=512 -XX:StringTableSize=4072 -XX:+UseStringDeduplication -XX:MaxGCPauseMillis=200 -XX:ParallelGCThreads=4 -XX:+ParallelRefProcEnabled --add-opens=java.desktop/javax.swing.plaf.synth=ALL-UNNAMED --add-opens=java.base/java.nio=ALL-UNNAMED --add-opens=java.desktop/sun.swing=ALL-UNNAMED --add-opens=java.desktop/javax.swing=ALL-UNNAMED --add-opens=java.desktop/javax.swing.tree=ALL-UNNAMED --add-opens=java.desktop/javax.swing.plaf.basic=ALL-UNNAMED --add-opens=java.desktop/javax.swing.plaf.synth=ALL-UNNAMED --add-opens=java.desktop/javax.swing.plaf.basic=ALL-UNNAMED --add-opens=java.desktop/javax.swing=ALL-UNNAMED --add-opens=java.desktop/javax.swing.tree=ALL-UNNAMED --add-opens=java.desktop/java.awt.event=ALL-UNNAMED --add-exports=java.desktop/javax.swing.plaf.synth=ALL-UNNAMED --add-exports=java.base/java.nio=ALL-UNNAMED --add-exports=java.desktop/sun.swing=ALL-UNNAMED --add-exports=java.desktop/javax.swing=ALL-UNNAMED --add-exports=java.desktop/javax.swing.tree=ALL-UNNAMED --add-exports=java.desktop/javax.swing.plaf.basic=ALL-UNNAMED --add-exports=java.desktop/sun.swing=ALL-UNNAMED --add-exports=java.desktop/sun.swing.table=ALL-UNNAMED --add-exports=java.desktop/sun.swing.plaf.synth=ALL-UNNAMED --add-exports=java.desktop/sun.awt.shell=ALL-UNNAMED --add-exports=java.base/sun.security.action=ALL-UNNAMED --add-exports=java.desktop/sun.font=ALL-UNNAMED -XX:NewSize=80m -XX:MaxNewSize=80m -Xms512m -Xmx4072m -Xss10m 

Host: 12th Gen Intel(R) Core(TM) i5-12500H, 16 cores, 15G,  Windows 11 , 64 bit Build 22621 (10.0.22621.4974)
Time: Fri Mar 28 20:20:02 2025 SE Asia Standard Time elapsed time: 5374.748549 seconds (0d 1h 29m 34s)

---------------  T H R E A D  ---------------

Current thread (0x0000020e58475be0):  JavaThread "AWT-EventQueue-0"        [_thread_in_native, id=34444, stack(0x000000b372900000,0x000000b373300000) (10240K)]

Stack: [0x000000b372900000,0x000000b373300000],  sp=0x000000b3732fa2a8,  free space=10216k
Native frames: (J=compiled Java code, j=interpreted, Vv=VM code, C=native code)
C  0x00007fffa9f1aa58

Java frames: (J=compiled Java code, j=interpreted, Vv=VM code)
J 29025  ui.views.waveform.waveformi.WVExecutive_getGraphicsDataSize(J)J (0 bytes) @ 0x0000020e07cd9f19 [0x0000020e07cd9ec0+0x0000000000000059]
J 29024 c1 ui.views.waveform.executive.a.mvk()Ljava/io/ByteArrayInputStream; (118 bytes) @ 0x0000020e00d67144 [0x0000020e00d67040+0x0000000000000104]
J 29451 c1 ui.views.waveform.c.a.muE()V (144 bytes) @ 0x0000020e017d3ec4 [0x0000020e017d3e20+0x00000000000000a4]
J 28981 c1 ui.views.waveform.t.aS(ZZ)V (53 bytes) @ 0x0000020e00139f8c [0x0000020e00139a60+0x000000000000052c]
J 27352 c1 ui.views.waveform.d.b.l(Lui/frmwork/a/v;)V (654 bytes) @ 0x0000020e0111f254 [0x0000020e011192e0+0x0000000000005f74]
J 27351 c1 ui.views.waveform.t.handleTclEvent(Lui/frmwork/a/v;)V (17 bytes) @ 0x0000020e007ce8ac [0x0000020e007ce7c0+0x00000000000000ec]
J 50322 c2 ui.frmwork.a.x.d(Lui/frmwork/a/v;)V (61 bytes) @ 0x0000020e080ad32c [0x0000020e080ad000+0x000000000000032c]
J 41740 c2 ui.frmwork.J.i(JZ)V (474 bytes) @ 0x0000020e08f3757c [0x0000020e08f358a0+0x0000000000001cdc]
J 61671 c2 ui.frmwork.J.fireTclEvent(J)I (113 bytes) @ 0x0000020e091c2334 [0x0000020e091c1440+0x0000000000000ef4]
v  ~StubRoutines::call_stub 0x0000020e0745100d
J 41235  ui.views.waveform.waveformi.WVExecutive_processModelEvent(JJ)V (0 bytes) @ 0x0000020e08fa591c [0x0000020e08fa58c0+0x000000000000005c]
J 78924 c1 ui.views.waveform.d.b.gm(J)V (109 bytes) @ 0x0000020e020f75fc [0x0000020e020f7520+0x00000000000000dc]
J 27352 c1 ui.views.waveform.d.b.l(Lui/frmwork/a/v;)V (654 bytes) @ 0x0000020e0111ff94 [0x0000020e011192e0+0x0000000000006cb4]
J 27351 c1 ui.views.waveform.t.handleTclEvent(Lui/frmwork/a/v;)V (17 bytes) @ 0x0000020e007ce8ac [0x0000020e007ce7c0+0x00000000000000ec]
J 50322 c2 ui.frmwork.a.x.d(Lui/frmwork/a/v;)V (61 bytes) @ 0x0000020e080ad32c [0x0000020e080ad000+0x000000000000032c]
J 41740 c2 ui.frmwork.J.i(JZ)V (474 bytes) @ 0x0000020e08f3757c [0x0000020e08f358a0+0x0000000000001cdc]
J 61671 c2 ui.frmwork.J.fireTclEvent(J)I (113 bytes) @ 0x0000020e091c2334 [0x0000020e091c1440+0x0000000000000ef4]
v  ~StubRoutines::call_stub 0x0000020e0745100d
J 41235  ui.views.waveform.waveformi.WVExecutive_processModelEvent(JJ)V (0 bytes) @ 0x0000020e08fa591c [0x0000020e08fa58c0+0x000000000000005c]
J 78924 c1 ui.views.waveform.d.b.gm(J)V (109 bytes) @ 0x0000020e020f75fc [0x0000020e020f7520+0x00000000000000dc]
j  ui.views.waveform.d.e.actionPerformed(Ljava/awt/event/ActionEvent;)V+8
J 17470 c2 javax.swing.Timer.fireActionPerformed(Ljava/awt/event/ActionEvent;)V java.desktop@21.0.1 (46 bytes) @ 0x0000020e08b83de0 [0x0000020e08b83cc0+0x0000000000000120]
J 31491 c2 javax.swing.Timer$DoPostEvent.run()V java.desktop@21.0.1 (85 bytes) @ 0x0000020e08c0e5f4 [0x0000020e08c0e460+0x0000000000000194]
J 13974 c2 java.awt.EventQueue.dispatchEvent(Ljava/awt/AWTEvent;)V java.desktop@21.0.1 (80 bytes) @ 0x0000020e08585364 [0x0000020e08584a00+0x0000000000000964]
J 28477 c2 ui.frmwork.a.d.dispatchEvent(Ljava/awt/AWTEvent;)V (41 bytes) @ 0x0000020e07f26390 [0x0000020e07f25de0+0x00000000000005b0]
J 27408 c2 java.awt.EventDispatchThread.pumpOneEventForFilters(I)V java.desktop@21.0.1 (106 bytes) @ 0x0000020e08921b98 [0x0000020e08921920+0x0000000000000278]
J 80671 c2 java.awt.EventDispatchThread.pumpEventsForFilter(ILjava/awt/Conditional;Ljava/awt/EventFilter;)V java.desktop@21.0.1 (47 bytes) @ 0x0000020e07d2427c [0x0000020e07d24020+0x000000000000025c]
j  java.awt.EventDispatchThread.pumpEventsForFilter(Ljava/awt/Conditional;Ljava/awt/EventFilter;)V+4 java.desktop@21.0.1
j  java.awt.WaitDispatchSupport$2.run()V+59 java.desktop@21.0.1
j  java.awt.WaitDispatchSupport$4.run()Ljava/lang/Void;+4 java.desktop@21.0.1
j  java.awt.WaitDispatchSupport$4.run()Ljava/lang/Object;+1 java.desktop@21.0.1
J 68055 c2 java.security.AccessController.doPrivileged(Ljava/security/PrivilegedAction;)Ljava/lang/Object; java.base@21.0.1 (9 bytes) @ 0x0000020e086baf64 [0x0000020e086baf20+0x0000000000000044]
j  java.awt.WaitDispatchSupport.enter()Z+266 java.desktop@21.0.1
j  java.awt.Dialog.show()V+225 java.desktop@21.0.1
J 76417 c1 java.awt.Window.setVisible(Z)V java.desktop@21.0.1 (6 bytes) @ 0x0000020e00f7a69c [0x0000020e00f7a460+0x000000000000023c]
j  java.awt.Dialog.setVisible(Z)V+2 java.desktop@21.0.1
j  ui.dlg.c.e.setVisible(Z)V+2
j  ui.dlg.c.bh.cgX()V+65
j  ui.dlg.c.bh$c.actionPerformed(Ljava/awt/event/ActionEvent;)V+8
j  ui.dlg.c.bh.gpk()V+422
j  ui.views.c.w.b.a.run()V+60
j  ui.frmwork.cmd.a.iMo()Z+96
j  ui.frmwork.cmd.d.iMA()V+42
j  ui.i.A$b.actionPerformed(Ljava/awt/event/ActionEvent;)V+39
j  javax.swing.AbstractButton.fireActionPerformed(Ljava/awt/event/ActionEvent;)V+84 java.desktop@21.0.1
j  ui.utils.swing.b.C.fireActionPerformed(Ljava/awt/event/ActionEvent;)V+7
j  javax.swing.AbstractButton$Handler.actionPerformed(Ljava/awt/event/ActionEvent;)V+5 java.desktop@21.0.1
j  javax.swing.DefaultButtonModel.fireActionPerformed(Ljava/awt/event/ActionEvent;)V+34 java.desktop@21.0.1
J 84139 c1 javax.swing.DefaultButtonModel.setPressed(Z)V java.desktop@21.0.1 (125 bytes) @ 0x0000020e00632d6c [0x0000020e00631a60+0x000000000000130c]
j  javax.swing.plaf.basic.BasicButtonListener.mouseReleased(Ljava/awt/event/MouseEvent;)V+35 java.desktop@21.0.1
j  com.jidesoft.plaf.basic.BasicJideButtonListener.mouseReleased(Ljava/awt/event/MouseEvent;)V+61
J 73041 c1 java.awt.AWTEventMulticaster.mouseReleased(Ljava/awt/event/MouseEvent;)V java.desktop@21.0.1 (27 bytes) @ 0x0000020e02656c8c [0x0000020e02656a60+0x000000000000022c]
J 73041 c1 java.awt.AWTEventMulticaster.mouseReleased(Ljava/awt/event/MouseEvent;)V java.desktop@21.0.1 (27 bytes) @ 0x0000020e02656c8c [0x0000020e02656a60+0x000000000000022c]
J 73041 c1 java.awt.AWTEventMulticaster.mouseReleased(Ljava/awt/event/MouseEvent;)V java.desktop@21.0.1 (27 bytes) @ 0x0000020e02656c8c [0x0000020e02656a60+0x000000000000022c]
J 50424 c2 javax.swing.JComponent.processMouseEvent(Ljava/awt/event/MouseEvent;)V java.desktop@21.0.1 (27 bytes) @ 0x0000020e080bfa4c [0x0000020e080bf6c0+0x000000000000038c]
J 28816 c2 java.awt.Container.processEvent(Ljava/awt/AWTEvent;)V java.desktop@21.0.1 (22 bytes) @ 0x0000020e07c6176c [0x0000020e07c615c0+0x00000000000001ac]
J 68484 c2 java.awt.Component.dispatchEventImpl(Ljava/awt/AWTEvent;)V java.desktop@21.0.1 (785 bytes) @ 0x0000020e0916ef88 [0x0000020e0916e380+0x0000000000000c08]
J 76537 c2 java.awt.Container.dispatchEventImpl(Ljava/awt/AWTEvent;)V java.desktop@21.0.1 (129 bytes) @ 0x0000020e08568fd8 [0x0000020e08568ee0+0x00000000000000f8]
J 26907 c2 java.awt.LightweightDispatcher.retargetMouseEvent(Ljava/awt/Component;ILjava/awt/event/MouseEvent;)V java.desktop@21.0.1 (372 bytes) @ 0x0000020e07ebead8 [0x0000020e07ebe7c0+0x0000000000000318]
J 76537 c2 java.awt.Container.dispatchEventImpl(Ljava/awt/AWTEvent;)V java.desktop@21.0.1 (129 bytes) @ 0x0000020e08569f74 [0x0000020e08568ee0+0x0000000000001094]
J 26918 c2 java.awt.Window.dispatchEventImpl(Ljava/awt/AWTEvent;)V java.desktop@21.0.1 (23 bytes) @ 0x0000020e08723418 [0x0000020e087233c0+0x0000000000000058]
J 15312 c2 java.awt.EventQueue.dispatchEventImpl(Ljava/awt/AWTEvent;Ljava/lang/Object;)V java.desktop@21.0.1 (139 bytes) @ 0x0000020e087e52e0 [0x0000020e087e4ec0+0x0000000000000420]
J 14204 c2 java.awt.EventQueue$4.run()Ljava/lang/Object; java.desktop@21.0.1 (5 bytes) @ 0x0000020e085ffb04 [0x0000020e085ffaa0+0x0000000000000064]
J 13974 c2 java.awt.EventQueue.dispatchEvent(Ljava/awt/AWTEvent;)V java.desktop@21.0.1 (80 bytes) @ 0x0000020e08584e4c [0x0000020e08584a00+0x000000000000044c]
J 28477 c2 ui.frmwork.a.d.dispatchEvent(Ljava/awt/AWTEvent;)V (41 bytes) @ 0x0000020e07f26390 [0x0000020e07f25de0+0x00000000000005b0]
J 27408 c2 java.awt.EventDispatchThread.pumpOneEventForFilters(I)V java.desktop@21.0.1 (106 bytes) @ 0x0000020e08921b98 [0x0000020e08921920+0x0000000000000278]
J 17854% c2 java.awt.EventDispatchThread.pumpEventsForFilter(ILjava/awt/Conditional;Ljava/awt/EventFilter;)V java.desktop@21.0.1 (47 bytes) @ 0x0000020e08c62adc [0x0000020e08c62a40+0x000000000000009c]
j  java.awt.EventDispatchThread.pumpEventsForHierarchy(ILjava/awt/Conditional;Ljava/awt/Component;)V+11 java.desktop@21.0.1
j  java.awt.EventDispatchThread.pumpEvents(ILjava/awt/Conditional;)V+4 java.desktop@21.0.1
j  java.awt.EventDispatchThread.pumpEvents(Ljava/awt/Conditional;)V+3 java.desktop@21.0.1
j  java.awt.EventDispatchThread.run()V+9 java.desktop@21.0.1
v  ~StubRoutines::call_stub 0x0000020e0745100d

siginfo: EXCEPTION_ACCESS_VIOLATION (0xc0000005), data execution prevention violation at address 0x00007fffa9f1aa58


Registers:
RAX=0x00007fffa9e86378, RBX=0x0000000000000001, RCX=0x0000020e58b8d7f0, RDX=0x0000020e8dce2380
RSP=0x000000b3732fa2a8, RBP=0x000000b3732fa490, RSI=0x0000020e908a54e0, RDI=0x0000020e58b8d7f0
R8 =0x000000b3732fa470, R9 =0x000000b3732fa4b0, R10=0x00007ff8abef0000, R11=0x0c846c02dd910020
R12=0x000000b3732fa470, R13=0x000000b3732fa4b0, R14=0x000000b3732fa580, R15=0x0000020e8dce2380
RIP=0x00007fffa9f1aa58, EFLAGS=0x0000000000010206


Register to memory mapping:

RAX=0x00007fffa9e86378 points into unknown readable memory: 0x00007fffa950c9a0 | a0 c9 50 a9 ff 7f 00 00
RBX=0x0000000000000001 is an unknown value
RCX=0x0000020e58b8d7f0 points into unknown readable memory: 0x00007fffa9e86378 | 78 63 e8 a9 ff 7f 00 00
RDX=0x0000020e8dce2380 points into unknown readable memory: 0x00007ff8179d1dc0 | c0 1d 9d 17 f8 7f 00 00
RSP=0x000000b3732fa2a8 is pointing into the stack for thread: 0x0000020e58475be0
RBP=0x000000b3732fa490 is pointing into the stack for thread: 0x0000020e58475be0
RSI=0x0000020e908a54e0 points into unknown readable memory: 0x00007fffa9e86388 | 88 63 e8 a9 ff 7f 00 00
RDI=0x0000020e58b8d7f0 points into unknown readable memory: 0x00007fffa9e86378 | 78 63 e8 a9 ff 7f 00 00
R8 =0x000000b3732fa470 is pointing into the stack for thread: 0x0000020e58475be0
R9 =0x000000b3732fa4b0 is pointing into the stack for thread: 0x0000020e58475be0
R10=0x00007ff8abef0000 VCRUNTIME140.dll
R11=0x0c846c02dd910020 is an unknown value
R12=0x000000b3732fa470 is pointing into the stack for thread: 0x0000020e58475be0
R13=0x000000b3732fa4b0 is pointing into the stack for thread: 0x0000020e58475be0
R14=0x000000b3732fa580 is pointing into the stack for thread: 0x0000020e58475be0
R15=0x0000020e8dce2380 points into unknown readable memory: 0x00007ff8179d1dc0 | c0 1d 9d 17 f8 7f 00 00

Top of Stack: (sp=0x000000b3732fa2a8)
0x000000b3732fa2a8:   00007fffa96c4d5c 0000000000000000
0x000000b3732fa2b8:   00007ff8c2dcd69a 0000000000f8003d
0x000000b3732fa2c8:   0000000000000010 0000020e80e0b400
0x000000b3732fa2d8:   0000016200000160 0000016200000160
0x000000b3732fa2e8:   0000016200000160 0000016200000000
0x000000b3732fa2f8:   0000020e67418880 0000016200000160
0x000000b3732fa308:   0000016200000160 0000020e674102a4
0x000000b3732fa318:   0000000000000010 0000020e67410db0
0x000000b3732fa328:   0000016200000160 0000ce7c4299330c
0x000000b3732fa338:   0000000000000008 0000000000000000
0x000000b3732fa348:   0000000000000000 000000b3732fa580
0x000000b3732fa358:   0000020e8d498c28 0000020e58b8d7f0
0x000000b3732fa368:   0000020e8dce2380 0000020e908a54e0
0x000000b3732fa378:   000000b3732fa490 0000000000000001
0x000000b3732fa388:   00007fffa96bba22 0000000000000008
0x000000b3732fa398:   0000000000000000 0000020e8f9a400f
0x000000b3732fa3a8:   00007ff81f299509 0000000000000002
0x000000b3732fa3b8:   00007ff8c2dcd69a 0000000001d80401
0x000000b3732fa3c8:   0000000000000000 0000000000000000
0x000000b3732fa3d8:   0000000000000000 0000000000000000
0x000000b3732fa3e8:   0000000000000000 0000000000000000
0x000000b3732fa3f8:   0000000000000000 0000000000000000
0x000000b3732fa408:   0000000000000000 0000000000000000
0x000000b3732fa418:   0000020e8f9a4000 0000000000000004
0x000000b3732fa428:   0000020e67414c80 0000000000000000
0x000000b3732fa438:   0000000000000038 0000000000000000
0x000000b3732fa448:   0000000000000008 0000000000000001
0x000000b3732fa458:   0000000000000000 000000b3732fa580
0x000000b3732fa468:   0000000000000001 00007fffa9e9f6b8
0x000000b3732fa478:   00007ff8179961e0 000000b3732fa3c8
0x000000b3732fa488:   000000b3732fa400 0000000000000080
0x000000b3732fa498:   0000020e8dce2398 000000b3732fa580 

Instructions: (pc=0x00007fffa9f1aa58)
0x00007fffa9f1a958:   18 a9 a6 00 00 00 00 00 00 00 00 00 00 00 00 00
0x00007fffa9f1a968:   01 00 00 00 00 00 00 00 00 00 00 00 58 21 c8 00
0x00007fffa9f1a978:   90 a9 a6 00 68 a9 a6 00 00 00 00 00 00 00 00 00
0x00007fffa9f1a988:   00 00 00 00 00 00 00 00 00 00 00 00 00 00 00 00
0x00007fffa9f1a998:   01 00 00 00 a8 a9 a6 00 00 00 00 00 00 00 00 00
0x00007fffa9f1a9a8:   b8 a9 a6 00 00 00 00 00 00 00 00 00 00 00 00 00
0x00007fffa9f1a9b8:   58 21 c8 00 00 00 00 00 00 00 00 00 ff ff ff ff
0x00007fffa9f1a9c8:   00 00 00 00 40 00 00 00 90 a9 a6 00 00 00 00 00
0x00007fffa9f1a9d8:   00 00 00 00 00 00 00 00 01 00 00 00 00 00 00 00
0x00007fffa9f1a9e8:   00 00 00 00 d0 33 c7 00 08 aa a6 00 e0 a9 a6 00
0x00007fffa9f1a9f8:   00 00 00 00 00 00 00 00 00 00 00 00 00 00 00 00
0x00007fffa9f1aa08:   00 00 00 00 00 00 00 00 01 00 00 00 20 aa a6 00
0x00007fffa9f1aa18:   00 00 00 00 00 00 00 00 30 aa a6 00 00 00 00 00
0x00007fffa9f1aa28:   00 00 00 00 00 00 00 00 d0 33 c7 00 00 00 00 00
0x00007fffa9f1aa38:   00 00 00 00 ff ff ff ff 00 00 00 00 40 00 00 00
0x00007fffa9f1aa48:   08 aa a6 00 00 00 00 00 00 00 00 00 00 00 00 00
0x00007fffa9f1aa58:   01 00 00 00 00 00 00 00 00 00 00 00 f8 33 c7 00
0x00007fffa9f1aa68:   80 aa a6 00 58 aa a6 00 00 00 00 00 00 00 00 00
0x00007fffa9f1aa78:   00 00 00 00 00 00 00 00 00 00 00 00 00 00 00 00
0x00007fffa9f1aa88:   01 00 00 00 98 aa a6 00 00 00 00 00 00 00 00 00
0x00007fffa9f1aa98:   a8 aa a6 00 00 00 00 00 00 00 00 00 00 00 00 00
0x00007fffa9f1aaa8:   f8 33 c7 00 00 00 00 00 00 00 00 00 ff ff ff ff
0x00007fffa9f1aab8:   00 00 00 00 40 00 00 00 80 aa a6 00 00 00 00 00
0x00007fffa9f1aac8:   00 00 00 00 00 00 00 00 01 00 00 00 00 00 00 00
0x00007fffa9f1aad8:   00 00 00 00 88 21 c8 00 f8 aa a6 00 d0 aa a6 00
0x00007fffa9f1aae8:   00 00 00 00 00 00 00 00 00 00 00 00 00 00 00 00
0x00007fffa9f1aaf8:   00 00 00 00 00 00 00 00 01 00 00 00 10 ab a6 00
0x00007fffa9f1ab08:   00 00 00 00 00 00 00 00 20 ab a6 00 00 00 00 00
0x00007fffa9f1ab18:   00 00 00 00 00 00 00 00 88 21 c8 00 00 00 00 00
0x00007fffa9f1ab28:   00 00 00 00 ff ff ff ff 00 00 00 00 40 00 00 00
0x00007fffa9f1ab38:   f8 aa a6 00 00 00 00 00 00 00 00 00 00 00 00 00
0x00007fffa9f1ab48:   01 00 00 00 00 00 00 00 00 00 00 00 c0 36 c7 00 


Stack slot to memory mapping:

stack at sp + 0 slots: 0x00007fffa96c4d5c points into unknown readable memory: 8b f0 83 f8
stack at sp + 1 slots: 0x0 is null
stack at sp + 2 slots: 0x00007ff8c2dcd69a ntdll.dll
stack at sp + 3 slots: 0x0000000000f8003d is an unknown value
stack at sp + 4 slots: 0x0000000000000010 is an unknown value
stack at sp + 5 slots: 0x0000020e80e0b400 points into unknown readable memory: 0x0000020e67418880 | 80 88 41 67 0e 02 00 00
stack at sp + 6 slots: 0x0000016200000160 is an unknown value
stack at sp + 7 slots: 0x0000016200000160 is an unknown value


Compiled method (n/a) 5374860 29025     n 0       ui.views.waveform.waveformi::WVExecutive_getGraphicsDataSize (native)
 total in heap  [0x0000020e07cd9d10,0x0000020e07cda0f8] = 1000
 relocation     [0x0000020e07cd9e70,0x0000020e07cd9ea8] = 56
 main code      [0x0000020e07cd9ec0,0x0000020e07cda0ec] = 556
 stub code      [0x0000020e07cda0ec,0x0000020e07cda0f0] = 4
 oops           [0x0000020e07cda0f0,0x0000020e07cda0f8] = 8

[Constant Pool (empty)]

[MachCode]
[Entry Point]
  # {method} {0x0000020e5408e378} 'WVExecutive_getGraphicsDataSize' '(J)J' in 'ui/views/waveform/waveformi'
  # parm0:    rdx:rdx   = long
  #           [sp+0x70]  (sp of caller)
  0x0000020e07cd9ec0: 448b 5208 | 49bb 0000 | 0011 0e02 | 0000 4d03 | d349 3bc2 | 0f84 0600 

  0x0000020e07cd9ed8: ;   {runtime_call ic_miss_stub}
  0x0000020e07cd9ed8: 0000 e9a1 | 487c ff90 
[Verified Entry Point]
  0x0000020e07cd9ee0: 8984 2400 | 80ff ff55 | 488b ec48 | 83ec 6090 | 4181 7f20 | fb01 0000 

  0x0000020e07cd9ef8: ;   {runtime_call StubRoutines (final stubs)}
  0x0000020e07cd9ef8: 7405 e861 | ae7a ff4c 

  0x0000020e07cd9f00: ;   {oop(a 'java/lang/Class'{0x0000000702a1d320} = 'ui/views/waveform/waveformi')}
  0x0000020e07cd9f00: 8bc2 49be | 20d3 a102 | 0700 0000 | 4c89 7424 | 504c 8d74 | 2450 498b | d6c5 f877 

  0x0000020e07cd9f1c: ;   {internal_word}
  0x0000020e07cd9f1c: 49ba 199f | cd07 0e02 | 0000 4d89 | 97a0 0300 | 0049 89a7 | 9803 0000 

  0x0000020e07cd9f34: ;   {external_word}
  0x0000020e07cd9f34: 49ba ae9a | b213 f87f | 0000 4180 | 3a00 0f84 | 4a00 0000 

  0x0000020e07cd9f48: ;   {metadata({method} {0x0000020e5408e378} 'WVExecutive_getGraphicsDataSize' '(J)J' in 'ui/views/waveform/waveformi')}
  0x0000020e07cd9f48: 5241 5048 | ba70 e308 | 540e 0200 | 0049 8bcf | 4883 ec20 | 40f6 c40f | 0f84 1900 | 0000 4883 
  0x0000020e07cd9f68: ;   {runtime_call}
  0x0000020e07cd9f68: ec08 48b8 | a0d6 5c13 | f87f 0000 | ffd0 4883 | c408 e90c 

  0x0000020e07cd9f7c: ;   {runtime_call}
  0x0000020e07cd9f7c: 0000 0048 | b8a0 d65c | 13f8 7f00 | 00ff d048 | 83c4 2041 | 585a 498d | 8fb8 0300 | 0041 c787 
  0x0000020e07cd9f9c: 4c04 0000 | 0400 0000 

  0x0000020e07cd9fa4: ;   {runtime_call}
  0x0000020e07cd9fa4: 48b8 10df | 69a9 ff7f | 0000 ffd0 | c5f8 7741 | c787 4c04 | 0000 0500 | 0000 f083 | 4424 c000 
  0x0000020e07cd9fc4: 493b af50 | 0400 000f | 870e 0000 | 0041 83bf | 4804 0000 | 000f 842b | 0000 00c5 | f877 4889 
  0x0000020e07cd9fe4: 45f8 498b | cf4c 8be4 | 4883 ec20 | 4883 e4f0 

  0x0000020e07cd9ff4: ;   {runtime_call}
  0x0000020e07cd9ff4: 48b8 2099 | 2813 f87f | 0000 ffd0 | 498b e44d | 33e4 488b | 45f8 41c7 | 874c 0400 | 0008 0000 
  0x0000020e07cda014: 0041 83bf | c804 0000 | 020f 849c 

  0x0000020e07cda020: ;   {external_word}
  0x0000020e07cda020: 0000 0049 | baae 9ab2 | 13f8 7f00 | 0041 803a | 000f 844c | 0000 0048 

  0x0000020e07cda038: ;   {metadata({method} {0x0000020e5408e378} 'WVExecutive_getGraphicsDataSize' '(J)J' in 'ui/views/waveform/waveformi')}
  0x0000020e07cda038: 8945 f848 | ba70 e308 | 540e 0200 | 0049 8bcf | 4883 ec20 | 40f6 c40f | 0f84 1900 | 0000 4883 
  0x0000020e07cda058: ;   {runtime_call}
  0x0000020e07cda058: ec08 48b8 | a0d6 5c13 | f87f 0000 | ffd0 4883 | c408 e90c 

  0x0000020e07cda06c: ;   {runtime_call}
  0x0000020e07cda06c: 0000 0048 | b8a0 d65c | 13f8 7f00 | 00ff d048 | 83c4 2048 | 8b45 f849 | c787 9803 | 0000 0000 
  0x0000020e07cda08c: 0000 49c7 | 87a0 0300 | 0000 0000 | 00c5 f877 | 498b 8f28 | 0400 00c7 | 8100 0100 | 0000 0000 
  0x0000020e07cda0ac: 00c9 4983 | 7f08 000f | 8501 0000 

  0x0000020e07cda0b8: ;   {runtime_call StubRoutines (initial stubs)}
  0x0000020e07cda0b8: 00c3 e941 | 6e77 ffc5 | f877 4889 | 45f8 4c8b | e448 83ec | 2048 83e4 

  0x0000020e07cda0d0: ;   {runtime_call}
  0x0000020e07cda0d0: f048 b880 | 0e5d 13f8 | 7f00 00ff | d049 8be4 | 4d33 e448 | 8b45 f8e9 | 37ff ffff 
[Stub Code]
  0x0000020e07cda0ec: f4f4 f4f4 
[/MachCode]


Compiled method (c1) 5374866 29024   !   3       ui.views.waveform.executive.a::mvk (118 bytes)
 total in heap  [0x0000020e00d66c10,0x0000020e00d69380] = 10096
 relocation     [0x0000020e00d66d70,0x0000020e00d67028] = 696
 main code      [0x0000020e00d67040,0x0000020e00d68940] = 6400
 stub code      [0x0000020e00d68940,0x0000020e00d68a50] = 272
 oops           [0x0000020e00d68a50,0x0000020e00d68ad0] = 128
 metadata       [0x0000020e00d68ad0,0x0000020e00d68b70] = 160
 scopes data    [0x0000020e00d68b70,0x0000020e00d69048] = 1240
 scopes pcs     [0x0000020e00d69048,0x0000020e00d69348] = 768
 dependencies   [0x0000020e00d69348,0x0000020e00d69350] = 8
 handler table  [0x0000020e00d69350,0x0000020e00d69368] = 24
 nul chk table  [0x0000020e00d69368,0x0000020e00d69380] = 24

[Constant Pool (empty)]

[MachCode]
[Entry Point]
  # {method} {0x0000020e54062208} 'mvk' '()Ljava/io/ByteArrayInputStream;' in 'ui/views/waveform/executive/a'
  #           [sp+0x190]  (sp of caller)
  0x0000020e00d67040: 448b 5208 | 49bb 0000 | 0011 0e02 | 0000 4d03 | d34c 3bd0 

  0x0000020e00d67054: ;   {runtime_call ic_miss_stub}
  0x0000020e00d67054: 0f85 2677 | 7306 660f | 1f44 0000 
[Verified Entry Point]
  0x0000020e00d67060: 8984 2400 | 80ff ff55 | 4881 ec80 | 0100 0090 | 4181 7f20 | fb01 0000 

  0x0000020e00d67078: ;   {runtime_call StubRoutines (final stubs)}
  0x0000020e00d67078: 7405 e8e1 | dc71 0648 | 8994 2428 

  0x0000020e00d67084: ;   {metadata(method data for {method} {0x0000020e54062208} 'mvk' '()Ljava/io/ByteArrayInputStream;' in 'ui/views/waveform/executive/a')}
  0x0000020e00d67084: 0100 0048 | bee0 4c14 | 950e 0200 | 008b becc | 0000 0083 | c702 89be | cc00 0000 | 81e7 fe07 
  0x0000020e00d670a4: 0000 83ff | 000f 8462 

  0x0000020e00d670ac: ;   {metadata(method data for {method} {0x0000020e54062208} 'mvk' '()Ljava/io/ByteArrayInputStream;' in 'ui/views/waveform/executive/a')}
  0x0000020e00d670ac: 1400 0048 | bee0 4c14 | 950e 0200 | 0048 8386 | 1001 0000 

  0x0000020e00d670c0: ;   {metadata(method data for {method} {0x0000020e52691730} 'gjA' '()J' in 'ui/utils/s/d')}
  0x0000020e00d670c0: 0148 bed0 | ccf0 540e | 0200 008b | becc 0000 | 0083 c702 | 89be cc00 | 0000 81e7 | feff 1f00 
  0x0000020e00d670e0: 83ff 000f | 8449 1400 

  0x0000020e00d670e8: ;   {metadata(method data for {method} {0x0000020e52691730} 'gjA' '()J' in 'ui/utils/s/d')}
  0x0000020e00d670e8: 0048 bed0 | ccf0 540e | 0200 0048 | 8386 1001 

  0x0000020e00d670f8: ;   {runtime_call}
  0x0000020e00d670f8: 0000 0148 | b840 2356 | 13f8 7f00 

  0x0000020e00d67104: ;   {other}
  0x0000020e00d67104: 00ff d00f | 1f84 0000 | 0000 0048 | 8984 2430 | 0100 0048 | 8b94 2428 | 0100 0048 

  0x0000020e00d67120: ;   {metadata(method data for {method} {0x0000020e54062208} 'mvk' '()Ljava/io/ByteArrayInputStream;' in 'ui/views/waveform/executive/a')}
  0x0000020e00d67120: 8b72 1048 | bfe0 4c14 | 950e 0200 | 0048 8387 | 2001 0000 | 0148 8bd6 | 0f1f 8000 

  0x0000020e00d6713c: ;   {static_call}
  0x0000020e00d6713c: 0000 00e8 

  0x0000020e00d67140: ; ImmutableOopMap {[296]=Oop }
                      ;*invokestatic WVExecutive_getGraphicsDataSize {reexecute=0 rethrow=0 return_oop=0}
                      ; - ui.views.waveform.executive.a::mvk@10 (line 449)
  0x0000020e00d67140: 9c2d f706 

  0x0000020e00d67144: ;   {other}
  0x0000020e00d67144: 0f1f 8400 | 3405 0000 | 448b c841 

  0x0000020e00d67150: ;   {metadata(method data for {method} {0x0000020e54062208} 'mvk' '()Ljava/io/ByteArrayInputStream;' in 'ui/views/waveform/executive/a')}
  0x0000020e00d67150: 83f9 0048 | bbe0 4c14 | 950e 0200 | 0048 ba40 | 0100 0000 | 0000 000f | 840a 0000 | 0048 ba30 
  0x0000020e00d67170: 0100 0000 | 0000 0048 | 8b34 1348 | 8d76 0148 | 8934 130f | 8419 1200 

  0x0000020e00d67188: ;   {metadata(method data for {method} {0x0000020e54062208} 'mvk' '()Ljava/io/ByteArrayInputStream;' in 'ui/views/waveform/executive/a')}
  0x0000020e00d67188: 0048 bbe0 | 4c14 950e | 0200 00ff | 8350 0100 | 0048 8b94 | 2428 0100 | 0049 8bd9 | ffc3 4c8b 
  0x0000020e00d671a8: ;   {metadata({type array byte})}
  0x0000020e00d671a8: da48 bac0 | 2200 110e | 0200 0048 | 63db 488b | fb48 81fb | ffff ff00 | 0f87 8d13 | 0000 48be 
  0x0000020e00d671c8: 1700 0000 | 0000 0000 | 488d 341e | 4883 e6f8 | 498b 87b8 | 0100 0048 | 8d34 3049 | 3bb7 c801 
  0x0000020e00d671e8: 0000 0f87 | 6313 0000 | 4989 b7b8 | 0100 0048 | 2bf0 48c7 | 0001 0000 | 0048 8bca | 49ba 0000 
  0x0000020e00d67208: 0011 0e02 | 0000 492b | ca89 4808 | 8958 0c48 | 83ee 1048 | 85f6 0f84 | 1100 0000 | 4833 db48 
  0x0000020e00d67228: c1ee 0348 | 895c f008 | 48ff ce75 | f648 8984 | 2438 0100 | 0049 8b53 

  0x0000020e00d67240: ;   {metadata(method data for {method} {0x0000020e54062208} 'mvk' '()Ljava/io/ByteArrayInputStream;' in 'ui/views/waveform/executive/a')}
  0x0000020e00d67240: 1049 b8e0 | 4c14 950e | 0200 0049 | 8380 f801 | 0000 014c 

  0x0000020e00d67254: ;   {static_call}
  0x0000020e00d67254: 8bc0 90e8 

  0x0000020e00d67258: ; ImmutableOopMap {[296]=Oop [312]=Oop }
                      ;*invokestatic WVExecutive_getGraphicsDataByteArray {reexecute=0 rethrow=0 return_oop=0}
                      ; - ui.views.waveform.executive.a::mvk@58 (line 461)
  0x0000020e00d67258: 8406 2407 

  0x0000020e00d6725c: ;   {other}
  0x0000020e00d6725c: 0f1f 8400 | 4c06 0001 | 488b 9424 | 2801 0000 | 448b 4220 | 49c1 e003 | 4983 f800 

  0x0000020e00d67278: ;   {metadata(method data for {method} {0x0000020e54062208} 'mvk' '()Ljava/io/ByteArrayInputStream;' in 'ui/views/waveform/executive/a')}
  0x0000020e00d67278: 48be e04c | 1495 0e02 | 0000 48bf | 0802 0000 | 0000 0000 | 0f84 0a00 | 0000 48bf | 1802 0000 
  0x0000020e00d67298: 0000 0000 | 488b 1c3e | 488d 5b01 | 4889 1c3e | 488b 8424 | 3801 0000 | 0f84 af00 | 0000 8b70 
  0x0000020e00d672b8: 0c41 8b78 

  0x0000020e00d672bc: ;   {metadata(method data for {method} {0x0000020e54062208} 'mvk' '()Ljava/io/ByteArrayInputStream;' in 'ui/views/waveform/executive/a')}
  0x0000020e00d672bc: 0c3b f748 | bee0 4c14 | 950e 0200 | 0048 bf28 | 0200 0000 | 0000 000f | 850a 0000 | 0048 bf38 
  0x0000020e00d672dc: 0200 0000 | 0000 0048 | 8b1c 3e48 | 8d5b 0148 | 891c 3e0f | 8570 0000 

  0x0000020e00d672f4: ;   {metadata(method data for {method} {0x0000020e54062208} 'mvk' '()Ljava/io/ByteArrayInputStream;' in 'ui/views/waveform/executive/a')}
  0x0000020e00d672f4: 0048 bee0 | 4c14 950e | 0200 0048 | 8386 4802 | 0000 0148 | 8bd0 0f1f 

  0x0000020e00d6730c: ;   {static_call}
  0x0000020e00d6730c: 4400 00e8 

  0x0000020e00d67310: ; ImmutableOopMap {[296]=Oop [312]=Oop }
                      ;*invokestatic equals {reexecute=0 rethrow=0 return_oop=0}
                      ; - ui.views.waveform.executive.a::mvk@85 (line 464)
  0x0000020e00d67310: 8ca4 d407 

  0x0000020e00d67314: ;   {other}
  0x0000020e00d67314: 0f1f 8400 | 0407 0002 

  0x0000020e00d6731c: ;   {metadata(method data for {method} {0x0000020e54062208} 'mvk' '()Ljava/io/ByteArrayInputStream;' in 'ui/views/waveform/executive/a')}
  0x0000020e00d6731c: 83f8 0048 | bee0 4c14 | 950e 0200 | 0048 bf68 | 0200 0000 | 0000 000f | 850a 0000 | 0048 bf58 
  0x0000020e00d6733c: 0200 0000 | 0000 0048 | 8b1c 3e48 | 8d5b 0148 | 891c 3e0f | 852d 1000 | 0048 8b84 | 2438 0100 
  0x0000020e00d6735c: 0048 8b94 | 2428 0100 | 0041 0fbe | 7f40 83ff | 000f 85ef | 1100 004c | 8bd0 49c1 | ea03 4489 
  0x0000020e00d6737c: 5220 488b | fa48 33f8 | 48c1 ef15 | 4883 ff00 | 0f85 ef11 

  0x0000020e00d67390: ;   {metadata(method data for {method} {0x0000020e54062208} 'mvk' '()Ljava/io/ByteArrayInputStream;' in 'ui/views/waveform/executive/a')}
  0x0000020e00d67390: 0000 48bf | e04c 1495 | 0e02 0000 | 4883 8778 | 0200 0001 

  0x0000020e00d673a4: ;   {metadata(method data for {method} {0x0000020e52691730} 'gjA' '()J' in 'ui/utils/s/d')}
  0x0000020e00d673a4: 48bf d0cc | f054 0e02 | 0000 8b9f | cc00 0000 | 83c3 0289 | 9fcc 0000 | 0081 e3fe | ff1f 0083 
  0x0000020e00d673c4: fb00 0f84 | cd11 0000 

  0x0000020e00d673cc: ;   {metadata(method data for {method} {0x0000020e52691730} 'gjA' '()J' in 'ui/utils/s/d')}
  0x0000020e00d673cc: 48bf d0cc | f054 0e02 | 0000 4883 | 8710 0100 

  0x0000020e00d673dc: ;   {runtime_call}
  0x0000020e00d673dc: 0001 48b8 | 4023 5613 | f87f 0000 

  0x0000020e00d673e8: ;   {other}
  0x0000020e00d673e8: ffd0 0f1f | 8400 0000 | 0000 488b | 9424 3001 | 0000 482b | c248 8984 | 2440 0100 

  0x0000020e00d67404: ;   {metadata(method data for {method} {0x0000020e110aff60} 'linkToTargetMethod' '(JLjava/lang/Object;)Ljava/lang/Object;' in 'java/lang/invoke/Invokers$Holder')}
  0x0000020e00d67404: 0048 baf0 | 5f18 550e | 0200 0048 | 8d92 f801 

  0x0000020e00d67414: ;   {oop(a 'java/lang/invoke/BoundMethodHandle$Species_LLLL'{0x0000000706598768})}
  0x0000020e00d67414: 0000 48be | 6887 5906 | 0700 0000 | 488b fe48 | 85ff 7504 | 4883 0a01 

  0x0000020e00d6742c: ;   {metadata(method data for {method} {0x0000020e54062208} 'mvk' '()Ljava/io/ByteArrayInputStream;' in 'ui/views/waveform/executive/a')}
  0x0000020e00d6742c: 48ba e04c | 1495 0e02 | 0000 4883 | 8288 0200 

  0x0000020e00d6743c: ;   {metadata(method data for {method} {0x0000020e110aff60} 'linkToTargetMethod' '(JLjava/lang/Object;)Ljava/lang/Object;' in 'java/lang/invoke/Invokers$Holder')}
  0x0000020e00d6743c: 0001 48ba | f05f 1855 | 0e02 0000 | 8bba cc00 | 0000 83c7 | 0289 bacc | 0000 0081 | e7fe ff1f 
  0x0000020e00d6745c: 0083 ff00 | 0f84 5411 

  0x0000020e00d67464: ;   {metadata(method data for {method} {0x0000020e55022b48} 'invoke' '(Ljava/lang/Object;J)Ljava/lang/Object;' in 'java/lang/invoke/LambdaForm$MH+0x0000020e1277e000')}
  0x0000020e00d67464: 0000 48ba | 0030 0255 | 0e02 0000 | 488d 92b8 | 0300 0048 | 85f6 7504 | 4883 0a01 

  0x0000020e00d67480: ;   {metadata(method data for {method} {0x0000020e110aff60} 'linkToTargetMethod' '(JLjava/lang/Object;)Ljava/lang/Object;' in 'java/lang/invoke/Invokers$Holder')}
  0x0000020e00d67480: 48ba f05f | 1855 0e02 | 0000 4883 | 8248 0100 

  0x0000020e00d67490: ;   {metadata(method data for {method} {0x0000020e55022b48} 'invoke' '(Ljava/lang/Object;J)Ljava/lang/Object;' in 'java/lang/invoke/LambdaForm$MH+0x0000020e1277e000')}
  0x0000020e00d67490: 0001 48ba | 0030 0255 | 0e02 0000 | 8bb2 cc00 | 0000 83c6 | 0289 b2cc | 0000 0081 | e6fe ff1f 
  0x0000020e00d674b0: 0083 fe00 | 0f84 2111 

  0x0000020e00d674b8: ;   {metadata(method data for {method} {0x0000020e550222a0} 'invoke' '(Ljava/lang/Object;J)J' in 'java/lang/invoke/LambdaForm$MH+0x0000020e1277dc00')}
  0x0000020e00d674b8: 0000 48ba | 0025 0255 | 0e02 0000 | 488d 9220 

  0x0000020e00d674c8: ;   {oop(a 'java/lang/invoke/BoundMethodHandle$Species_LJ'{0x0000000706598850})}
  0x0000020e00d674c8: 0200 0048 | be50 8859 | 0607 0000 | 0048 85f6 | 7504 4883 

  0x0000020e00d674dc: ;   {metadata(method data for {method} {0x0000020e55022b48} 'invoke' '(Ljava/lang/Object;J)Ljava/lang/Object;' in 'java/lang/invoke/LambdaForm$MH+0x0000020e1277e000')}
  0x0000020e00d674dc: 0a01 48ba | 0030 0255 | 0e02 0000 | 4883 8280 | 0100 0001 

  0x0000020e00d674f0: ;   {metadata(method data for {method} {0x0000020e550222a0} 'invoke' '(Ljava/lang/Object;J)J' in 'java/lang/invoke/LambdaForm$MH+0x0000020e1277dc00')}
  0x0000020e00d674f0: 48ba 0025 | 0255 0e02 | 0000 8bb2 | cc00 0000 | 83c6 0289 | b2cc 0000 | 0081 e6fe | ff1f 0083 
  0x0000020e00d67510: fe00 0f84 | e410 0000 

  0x0000020e00d67518: ;   {metadata(method data for {method} {0x0000020e110b4ff0} 'invokeStatic' '(Ljava/lang/Object;JJ)J' in 'java/lang/invoke/DirectMethodHandle$Holder')}
  0x0000020e00d67518: 48ba f061 | 1855 0e02 | 0000 488d | 9218 0200 

  0x0000020e00d67528: ;   {oop(a 'java/lang/invoke/DirectMethodHandle'{0x0000000703d28910})}
  0x0000020e00d67528: 0048 be10 | 89d2 0307 | 0000 0048 | 8bfe 4885 | ff75 0448 

  0x0000020e00d6753c: ;   {metadata(method data for {method} {0x0000020e550222a0} 'invoke' '(Ljava/lang/Object;J)J' in 'java/lang/invoke/LambdaForm$MH+0x0000020e1277dc00')}
  0x0000020e00d6753c: 830a 0148 | ba00 2502 | 550e 0200 | 0048 8382 | 8001 0000 

  0x0000020e00d67550: ;   {metadata(method data for {method} {0x0000020e110b4ff0} 'invokeStatic' '(Ljava/lang/Object;JJ)J' in 'java/lang/invoke/DirectMethodHandle$Holder')}
  0x0000020e00d67550: 0148 baf0 | 6118 550e | 0200 008b | bacc 0000 | 0083 c702 | 89ba cc00 | 0000 81e7 | feff 1f00 
  0x0000020e00d67570: 83ff 000f | 84a4 1000 

  0x0000020e00d67578: ;   {metadata(method data for {method} {0x0000020e110b4ff0} 'invokeStatic' '(Ljava/lang/Object;JJ)J' in 'java/lang/invoke/DirectMethodHandle$Holder')}
  0x0000020e00d67578: 0048 baf0 | 6118 550e | 0200 0048 | 8d92 2001 | 0000 4885 | f675 0548 | 834a 0801 

  0x0000020e00d67594: ;   {metadata(method data for {method} {0x0000020e110b4ff0} 'invokeStatic' '(Ljava/lang/Object;JJ)J' in 'java/lang/invoke/DirectMethodHandle$Holder')}
  0x0000020e00d67594: 48ba f061 | 1855 0e02 | 0000 4883 | 8210 0100 

  0x0000020e00d675a4: ;   {metadata(method data for {method} {0x0000020e110a3038} 'internalMemberName' '(Ljava/lang/Object;)Ljava/lang/Object;' in 'java/lang/invoke/DirectMethodHandle')}
  0x0000020e00d675a4: 0001 48ba | 38a4 2452 | 0e02 0000 | 8bb2 cc00 | 0000 83c6 | 0289 b2cc | 0000 0081 | e6fe ff1f 
  0x0000020e00d675c4: 0083 fe00 | 0f84 7010 

  0x0000020e00d675cc: ;   {metadata(method data for {method} {0x0000020e110b4ff0} 'invokeStatic' '(Ljava/lang/Object;JJ)J' in 'java/lang/invoke/DirectMethodHandle$Holder')}
  0x0000020e00d675cc: 0000 48ba | f061 1855 | 0e02 0000 | 488d 9230 

  0x0000020e00d675dc: ;   {oop(a 'java/lang/invoke/MemberName'{0x0000000703d28938} = {method} {0x0000020e11424ef8} 'mix' '(JJ)J' in 'java/lang/StringConcatHelper')}
  0x0000020e00d675dc: 0100 0048 | be38 89d2 | 0307 0000 | 0048 85f6 | 7504 4883 

  0x0000020e00d675f0: ;   {metadata(method data for {method} {0x0000020e110b4ff0} 'invokeStatic' '(Ljava/lang/Object;JJ)J' in 'java/lang/invoke/DirectMethodHandle$Holder')}
  0x0000020e00d675f0: 0a01 48ba | f061 1855 | 0e02 0000 | 4883 8278 | 0100 0001 

  0x0000020e00d67604: ;   {metadata(method data for {method} {0x0000020e11424ef8} 'mix' '(JJ)J' in 'java/lang/StringConcatHelper')}
  0x0000020e00d67604: 48ba 1064 | 1855 0e02 | 0000 8bb2 | cc00 0000 | 83c6 0289 | b2cc 0000 | 0081 e6fe | ff1f 0083 
  0x0000020e00d67624: fe00 0f84 | 3310 0000 

  0x0000020e00d6762c: ;   {metadata(method data for {method} {0x0000020e11424ef8} 'mix' '(JJ)J' in 'java/lang/StringConcatHelper')}
  0x0000020e00d6762c: 48ba 1064 | 1855 0e02 | 0000 4883 | 8210 0100 | 0001 488b | d066 0f1f 

  0x0000020e00d67644: ;   {static_call}
  0x0000020e00d67644: 4400 00e8 

  0x0000020e00d67648: ; ImmutableOopMap {[312]=Oop }
                      ;*invokestatic stringSize {reexecute=0 rethrow=0 return_oop=0}
                      ; - java.lang.StringConcatHelper::mix@2 (line 112)
                      ; - java.lang.invoke.DirectMethodHandle$Holder::invokeStatic@13
                      ; - java.lang.invoke.LambdaForm$MH/0x0000020e1277dc00::invoke@23
                      ; - java.lang.invoke.LambdaForm$MH/0x0000020e1277e000::invoke@15
                      ; - java.lang.invoke.Invokers$Holder::linkToTargetMethod@5
                      ; - ui.views.waveform.executive.a::mvk@104 (line 469)
  0x0000020e00d67648: d40d 3b07 

  0x0000020e00d6764c: ;   {other}
  0x0000020e00d6764c: 0f1f 8400 | 3c0a 0003 | 4863 c048 | b923 0000 | 0000 0000 | 0048 03c1 | 4889 8424 | 4801 0000 
  0x0000020e00d6766c: ;   {metadata(method data for {method} {0x0000020e11424ef8} 'mix' '(JJ)J' in 'java/lang/StringConcatHelper')}
  0x0000020e00d6766c: 48b9 1064 | 1855 0e02 | 0000 4883 | 8120 0100 

  0x0000020e00d6767c: ;   {metadata(method data for {method} {0x0000020e11424920} 'checkOverflow' '(J)J' in 'java/lang/StringConcatHelper')}
  0x0000020e00d6767c: 0001 48b9 | c0fe 0652 | 0e02 0000 | 448b 81cc | 0000 0041 | 83c0 0244 | 8981 cc00 | 0000 4181 
  0x0000020e00d6769c: e0fe ff1f | 0041 83f8 | 000f 84d5 | 0f00 008b | f083 fe00 

  0x0000020e00d676b0: ;   {metadata(method data for {method} {0x0000020e11424920} 'checkOverflow' '(J)J' in 'java/lang/StringConcatHelper')}
  0x0000020e00d676b0: 48b9 c0fe | 0652 0e02 | 0000 49b8 | 1001 0000 | 0000 0000 | 0f8c 0a00 | 0000 49b8 | 2001 0000 
  0x0000020e00d676d0: 0000 0000 | 4e8b 0c01 | 4d8d 4901 | 4e89 0c01 | 0f8c 8b0d 

  0x0000020e00d676e4: ;   {metadata(method data for {method} {0x0000020e52470e90} 'invoke' '(Ljava/lang/Object;J)Ljava/lang/Object;' in 'java/lang/invoke/LambdaForm$MH+0x0000020e12010c00')}
  0x0000020e00d676e4: 0000 48b9 | 0811 4752 | 0e02 0000 | 488d 8940 

  0x0000020e00d676f4: ;   {oop(a 'java/lang/invoke/BoundMethodHandle$Species_LL'{0x0000000706598810})}
  0x0000020e00d676f4: 0200 0049 | b810 8859 | 0607 0000 | 004d 85c0 | 7504 4883 

  0x0000020e00d67708: ;   {metadata(method data for {method} {0x0000020e55022b48} 'invoke' '(Ljava/lang/Object;J)Ljava/lang/Object;' in 'java/lang/invoke/LambdaForm$MH+0x0000020e1277e000')}
  0x0000020e00d67708: 0901 48b9 | 0030 0255 | 0e02 0000 | 4883 81f0 | 0100 0001 

  0x0000020e00d6771c: ;   {metadata(method data for {method} {0x0000020e52470e90} 'invoke' '(Ljava/lang/Object;J)Ljava/lang/Object;' in 'java/lang/invoke/LambdaForm$MH+0x0000020e12010c00')}
  0x0000020e00d6771c: 48b9 0811 | 4752 0e02 | 0000 448b | 81cc 0000 | 0041 83c0 | 0244 8981 | cc00 0000 | 4181 e0fe 
  0x0000020e00d6773c: ff1f 0041 | 83f8 000f | 8458 0f00 

  0x0000020e00d67748: ;   {metadata(method data for {method} {0x0000020e52470e90} 'invoke' '(Ljava/lang/Object;J)Ljava/lang/Object;' in 'java/lang/invoke/LambdaForm$MH+0x0000020e12010c00')}
  0x0000020e00d67748: 0048 b908 | 1147 520e | 0200 0048 | 8d89 b801 

  0x0000020e00d67758: ;   {oop(" ms"{0x0000000706598838})}
  0x0000020e00d67758: 0000 49b8 | 3888 5906 | 0700 0000 | 4d8b c84d | 85c9 7505 | 4883 4908 

  0x0000020e00d67770: ;   {metadata(method data for {method} {0x0000020e110b4390} 'invokeStatic' '(Ljava/lang/Object;Ljava/lang/Object;J)Ljava/lang/Object;' in 'java/lang/invoke/DirectMethodHandle$Holder')}
  0x0000020e00d67770: 0148 b990 | df97 520e | 0200 0048 | 8d89 2802 

  0x0000020e00d67780: ;   {oop(a 'java/lang/invoke/DirectMethodHandle'{0x000000070232fd98})}
  0x0000020e00d67780: 0000 49b9 | 98fd 3202 | 0700 0000 | 498b d148 | 85d2 7504 | 4883 0901 | 498b d048 | 85d2 7505 
  0x0000020e00d677a0: 4883 4910 

  0x0000020e00d677a4: ;   {metadata(method data for {method} {0x0000020e52470e90} 'invoke' '(Ljava/lang/Object;J)Ljava/lang/Object;' in 'java/lang/invoke/LambdaForm$MH+0x0000020e12010c00')}
  0x0000020e00d677a4: 0148 b908 | 1147 520e | 0200 0048 | 8381 8001 

  0x0000020e00d677b4: ;   {metadata(method data for {method} {0x0000020e110b4390} 'invokeStatic' '(Ljava/lang/Object;Ljava/lang/Object;J)Ljava/lang/Object;' in 'java/lang/invoke/DirectMethodHandle$Holder')}
  0x0000020e00d677b4: 0000 0148 | b990 df97 | 520e 0200 | 008b 91cc | 0000 0083 | c202 8991 | cc00 0000 | 81e2 feff 
  0x0000020e00d677d4: 1f00 83fa | 000f 84e3 

  0x0000020e00d677dc: ;   {metadata(method data for {method} {0x0000020e110b4390} 'invokeStatic' '(Ljava/lang/Object;Ljava/lang/Object;J)Ljava/lang/Object;' in 'java/lang/invoke/DirectMethodHandle$Holder')}
  0x0000020e00d677dc: 0e00 0048 | b990 df97 | 520e 0200 | 0048 8d89 | 2001 0000 | 4d85 c975 | 0548 8349 

  0x0000020e00d677f8: ;   {metadata(method data for {method} {0x0000020e110b4390} 'invokeStatic' '(Ljava/lang/Object;Ljava/lang/Object;J)Ljava/lang/Object;' in 'java/lang/invoke/DirectMethodHandle$Holder')}
  0x0000020e00d677f8: 0801 48b9 | 90df 9752 | 0e02 0000 | 4883 8110 | 0100 0001 

  0x0000020e00d6780c: ;   {metadata(method data for {method} {0x0000020e110a3038} 'internalMemberName' '(Ljava/lang/Object;)Ljava/lang/Object;' in 'java/lang/invoke/DirectMethodHandle')}
  0x0000020e00d6780c: 48b9 38a4 | 2452 0e02 | 0000 448b | 89cc 0000 | 0041 83c1 | 0244 8989 | cc00 0000 | 4181 e1fe 
  0x0000020e00d6782c: ff1f 0041 | 83f9 000f | 84aa 0e00 

  0x0000020e00d67838: ;   {metadata(method data for {method} {0x0000020e110b4390} 'invokeStatic' '(Ljava/lang/Object;Ljava/lang/Object;J)Ljava/lang/Object;' in 'java/lang/invoke/DirectMethodHandle$Holder')}
  0x0000020e00d67838: 0048 b990 | df97 520e | 0200 0048 | 8d89 3001 

  0x0000020e00d67848: ;   {oop(a 'java/lang/invoke/MemberName'{0x000000070232fdc0} = {method} {0x0000020e11424818} 'newArrayWithSuffix' '(Ljava/lang/String;J)[B' in 'java/lang/StringConcatHelper')}
  0x0000020e00d67848: 0000 49b9 | c0fd 3202 | 0700 0000 | 4d85 c975 | 0448 8309 

  0x0000020e00d6785c: ;   {metadata(method data for {method} {0x0000020e110b4390} 'invokeStatic' '(Ljava/lang/Object;Ljava/lang/Object;J)Ljava/lang/Object;' in 'java/lang/invoke/DirectMethodHandle$Holder')}
  0x0000020e00d6785c: 0148 b990 | df97 520e | 0200 0048 | 8d89 8801 | 0000 4d8b | c84d 85c9 | 7505 4883 

  0x0000020e00d67878: ;   {metadata(method data for {method} {0x0000020e110b4390} 'invokeStatic' '(Ljava/lang/Object;Ljava/lang/Object;J)Ljava/lang/Object;' in 'java/lang/invoke/DirectMethodHandle$Holder')}
  0x0000020e00d67878: 4908 0148 | b990 df97 | 520e 0200 | 0048 8381 | 7801 0000 

  0x0000020e00d6788c: ;   {metadata(method data for {method} {0x0000020e11424818} 'newArrayWithSuffix' '(Ljava/lang/String;J)[B' in 'java/lang/StringConcatHelper')}
  0x0000020e00d6788c: 0148 b9c8 | 292f 540e | 0200 0044 | 8b89 cc00 | 0000 4183 | c102 4489 | 89cc 0000 | 0041 81e1 
  0x0000020e00d678ac: feff 1f00 | 4183 f900 | 0f84 4a0e | 0000 498b 

  0x0000020e00d678bc: ;   {metadata(method data for {method} {0x0000020e11424818} 'newArrayWithSuffix' '(Ljava/lang/String;J)[B' in 'java/lang/StringConcatHelper')}
  0x0000020e00d678bc: c849 b9c8 | 292f 540e | 0200 0049 | 8381 1001 

  0x0000020e00d678cc: ;   {metadata(method data for {method} {0x0000020e1100eee0} 'length' '()I' in 'java/lang/String')}
  0x0000020e00d678cc: 0000 0148 | b9e8 fa00 | 520e 0200 | 0044 8b89 | cc00 0000 | 4183 c102 | 4489 89cc | 0000 0041 
  0x0000020e00d678ec: 81e1 feff | 1f00 4183 | f900 0f84 | 290e 0000 

  0x0000020e00d678fc: ;   {metadata(method data for {method} {0x0000020e1100eee0} 'length' '()I' in 'java/lang/String')}
  0x0000020e00d678fc: 48b9 e8fa | 0052 0e02 | 0000 4883 | 8110 0100 

  0x0000020e00d6790c: ;   {metadata(method data for {method} {0x0000020e1145a188} 'coder' '()B' in 'java/lang/String')}
  0x0000020e00d6790c: 0001 48b9 | 90d1 0052 | 0e02 0000 | 448b 81cc | 0000 0041 | 83c0 0244 | 8981 cc00 | 0000 4181 
  0x0000020e00d6792c: e0fe ff1f | 0041 83f8 | 000f 840b 

  0x0000020e00d67938: ;   {metadata(method data for {method} {0x0000020e1145a188} 'coder' '()B' in 'java/lang/String')}
  0x0000020e00d67938: 0e00 0048 | b990 d100 | 520e 0200 | 00ff 8120 

  0x0000020e00d67948: ;   {metadata(method data for {method} {0x0000020e1145a188} 'coder' '()B' in 'java/lang/String')}
  0x0000020e00d67948: 0100 0048 | b990 d100 | 520e 0200 | 00ff 8130 | 0100 004c | 8bc0 49ba | 0300 0000 | 0000 0000 
  0x0000020e00d67968: ;   {metadata(method data for {method} {0x0000020e11424818} 'newArrayWithSuffix' '(Ljava/lang/String;J)[B' in 'java/lang/StringConcatHelper')}
  0x0000020e00d67968: 4d03 c248 | b9c8 292f | 540e 0200 | 0048 8381 | 4801 0000 

  0x0000020e00d6797c: ;   {metadata(method data for {method} {0x0000020e11425160} 'newArray' '(J)[B' in 'java/lang/StringConcatHelper')}
  0x0000020e00d6797c: 0148 b9a8 | 0605 520e | 0200 0044 | 8b89 cc00 | 0000 4183 | c102 4489 | 89cc 0000 | 0041 81e1 
  0x0000020e00d6799c: feff 1f00 | 4183 f900 | 0f84 bd0d | 0000 b920 | 0000 004d | 8bc8 49d3 | f945 8bc9 | 450f bec9 
  0x0000020e00d679bc: 458b c049 | 8bc9 4d8b | c841 d3e1 | 4183 f900 

  0x0000020e00d679cc: ;   {metadata(method data for {method} {0x0000020e11425160} 'newArray' '(J)[B' in 'java/lang/StringConcatHelper')}
  0x0000020e00d679cc: 49b8 a806 | 0552 0e02 | 0000 48ba | 2001 0000 | 0000 0000 | 0f8c 0a00 | 0000 48ba | 1001 0000 
  0x0000020e00d679ec: 0000 0000 | 498b 3c10 | 488d 7f01 | 4989 3c10 | 0f8c cd09 | 0000 89b4 | 2450 0100 

  0x0000020e00d67a08: ;   {oop(a 'jdk/internal/misc/Unsafe'{0x0000000702271ec0})}
  0x0000020e00d67a08: 0048 bac0 | 1e27 0207 | 0000 004c 

  0x0000020e00d67a14: ;   {metadata(method data for {method} {0x0000020e11425160} 'newArray' '(J)[B' in 'java/lang/StringConcatHelper')}
  0x0000020e00d67a14: 8bc2 48bf | a806 0552 | 0e02 0000 | 4883 8740 | 0100 0001 

  0x0000020e00d67a28: ;   {oop(a 'java/lang/Class'{0x000000070223be18} = byte)}
  0x0000020e00d67a28: 49b8 18be | 2302 0700 | 0000 0f1f 

  0x0000020e00d67a34: ;   {optimized virtual_call}
  0x0000020e00d67a34: 4400 00e8 

  0x0000020e00d67a38: ; ImmutableOopMap {[312]=Oop }
                      ;*invokevirtual allocateUninitializedArray {reexecute=0 rethrow=0 return_oop=0}
                      ; - java.lang.StringConcatHelper::newArray@33 (line 511)
                      ; - java.lang.StringConcatHelper::newArrayWithSuffix@7 (line 489)
                      ; - java.lang.invoke.DirectMethodHandle$Holder::invokeStatic@13
                      ; - java.lang.invoke.LambdaForm$MH/0x0000020e12010c00::invoke@23
                      ; - java.lang.invoke.LambdaForm$MH/0x0000020e1277e000::invoke@33
                      ; - java.lang.invoke.Invokers$Holder::linkToTargetMethod@5
                      ; - ui.views.waveform.executive.a::mvk@104 (line 469)
  0x0000020e00d67a38: 847a f306 

  0x0000020e00d67a3c: ;   {other}
  0x0000020e00d67a3c: 0f1f 8400 | 2c0e 0004 | 4883 f800 

  0x0000020e00d67a48: ;   {metadata(method data for {method} {0x0000020e11425160} 'newArray' '(J)[B' in 'java/lang/StringConcatHelper')}
  0x0000020e00d67a48: 7517 49b9 | a806 0552 | 0e02 0000 | 4180 8971 | 0100 0001 | e9ce 0000 

  0x0000020e00d67a60: ;   {metadata({type array byte})}
  0x0000020e00d67a60: 0048 bfc0 | 2200 110e | 0200 0044 | 8b48 0849 | ba00 0000 | 110e 0200 | 004d 03ca | 493b 7938 
  0x0000020e00d67a80: 0f85 8d00 

  0x0000020e00d67a84: ;   {metadata(method data for {method} {0x0000020e11425160} 'newArray' '(J)[B' in 'java/lang/StringConcatHelper')}
  0x0000020e00d67a84: 0000 49b9 | a806 0552 | 0e02 0000 | 8b78 0849 | ba00 0000 | 110e 0200 | 0049 03fa | 493b b988 
  0x0000020e00d67aa4: 0100 0075 | 0d49 8381 | 9001 0000 | 01e9 7900 | 0000 493b | b998 0100 | 0075 0d49 | 8381 a001 
  0x0000020e00d67ac4: 0000 01e9 | 6300 0000 | 4983 b988 | 0100 0000 | 7517 4989 | b988 0100 | 0049 c781 | 9001 0000 
  0x0000020e00d67ae4: 0100 0000 | e942 0000 | 0049 83b9 | 9801 0000 | 0075 1749 | 89b9 9801 | 0000 49c7 | 81a0 0100 
  0x0000020e00d67b04: 0001 0000 | 00e9 2100 | 0000 e91c 

  0x0000020e00d67b10: ;   {metadata(method data for {method} {0x0000020e11425160} 'newArray' '(J)[B' in 'java/lang/StringConcatHelper')}
  0x0000020e00d67b10: 0000 0049 | b9a8 0605 | 520e 0200 | 0049 83a9 | 7801 0000 | 01e9 5e0c | 0000 e900 | 0000 0048 
  0x0000020e00d67b30: 8bf0 4889 | b424 5801 | 0000 488b | 8424 4801 | 0000 49b8 | 0000 0000 | 0100 0000 

  0x0000020e00d67b4c: ;   {metadata(method data for {method} {0x0000020e11424818} 'newArrayWithSuffix' '(Ljava/lang/String;J)[B' in 'java/lang/StringConcatHelper')}
  0x0000020e00d67b4c: 493b c049 | b8c8 292f | 540e 0200 | 0049 b958 | 0100 0000 | 0000 000f | 8d0a 0000 | 0049 b968 
  0x0000020e00d67b6c: 0100 0000 | 0000 004b | 8b3c 0848 | 8d7f 014b | 893c 080f | 8d55 0000 

  0x0000020e00d67b84: ;   {oop(" ms"{0x0000000706598838})}
  0x0000020e00d67b84: 0048 ba38 | 8859 0607 | 0000 004c 

  0x0000020e00d67b90: ;   {metadata(method data for {method} {0x0000020e11424818} 'newArrayWithSuffix' '(Ljava/lang/String;J)[B' in 'java/lang/StringConcatHelper')}
  0x0000020e00d67b90: 8bc2 49b9 | c829 2f54 | 0e02 0000 | 4983 8178 | 0100 0001 | 4c8b c644 | 8b8c 2450 | 0100 00bf 
  0x0000020e00d67bb0: 0000 0000 

  0x0000020e00d67bb4: ;   {optimized virtual_call}
  0x0000020e00d67bb4: 6666 90e8 

  0x0000020e00d67bb8: ; ImmutableOopMap {[312]=Oop [344]=Oop }
                      ;*invokevirtual getBytes {reexecute=0 rethrow=0 return_oop=0}
                      ; - java.lang.StringConcatHelper::newArrayWithSuffix@24 (line 491)
                      ; - java.lang.invoke.DirectMethodHandle$Holder::invokeStatic@13
                      ; - java.lang.invoke.LambdaForm$MH/0x0000020e12010c00::invoke@23
                      ; - java.lang.invoke.LambdaForm$MH/0x0000020e1277e000::invoke@33
                      ; - java.lang.invoke.Invokers$Holder::linkToTargetMethod@5
                      ; - ui.views.waveform.executive.a::mvk@104 (line 469)
  0x0000020e00d67bb8: 04a4 0707 

  0x0000020e00d67bbc: ;   {other}
  0x0000020e00d67bbc: 0f1f 8400 | ac0f 0005 

  0x0000020e00d67bc4: ;   {metadata(method data for {method} {0x0000020e11424818} 'newArrayWithSuffix' '(Ljava/lang/String;J)[B' in 'java/lang/StringConcatHelper')}
  0x0000020e00d67bc4: 49b8 c829 | 2f54 0e02 | 0000 41ff | 80b0 0100 | 00e9 4a00 | 0000 8bb4 | 2450 0100 

  0x0000020e00d67be0: ;   {oop(" ms"{0x0000000706598838})}
  0x0000020e00d67be0: 0048 ba38 | 8859 0607 | 0000 004c 

  0x0000020e00d67bec: ;   {metadata(method data for {method} {0x0000020e11424818} 'newArrayWithSuffix' '(Ljava/lang/String;J)[B' in 'java/lang/StringConcatHelper')}
  0x0000020e00d67bec: 8bc2 49b9 | c829 2f54 | 0e02 0000 | 4983 81c8 | 0100 0001 | 4c8b 8424 | 5801 0000 | 4c8b cebf 
  0x0000020e00d67c0c: 0100 0000 | 0f1f 8000 

  0x0000020e00d67c14: ;   {optimized virtual_call}
  0x0000020e00d67c14: 0000 00e8 

  0x0000020e00d67c18: ; ImmutableOopMap {[312]=Oop [344]=Oop }
                      ;*invokevirtual getBytes {reexecute=0 rethrow=0 return_oop=0}
                      ; - java.lang.StringConcatHelper::newArrayWithSuffix@35 (line 493)
                      ; - java.lang.invoke.DirectMethodHandle$Holder::invokeStatic@13
                      ; - java.lang.invoke.LambdaForm$MH/0x0000020e12010c00::invoke@23
                      ; - java.lang.invoke.LambdaForm$MH/0x0000020e1277e000::invoke@33
                      ; - java.lang.invoke.Invokers$Holder::linkToTargetMethod@5
                      ; - ui.views.waveform.executive.a::mvk@104 (line 469)
  0x0000020e00d67c18: 646e 7306 

  0x0000020e00d67c1c: ;   {other}
  0x0000020e00d67c1c: 0f1f 8400 | 0c10 0006 | 488b b424 | 5801 0000 

  0x0000020e00d67c2c: ;   {metadata(method data for {method} {0x0000020e110b4390} 'invokeStatic' '(Ljava/lang/Object;Ljava/lang/Object;J)Ljava/lang/Object;' in 'java/lang/invoke/DirectMethodHandle$Holder')}
  0x0000020e00d67c2c: 48ba 90df | 9752 0e02 | 0000 488d | 92a8 0100 | 004c 8bc6 | 4d85 c075 | 0448 830a 

  0x0000020e00d67c48: ;   {metadata(method data for {method} {0x0000020e52470e90} 'invoke' '(Ljava/lang/Object;J)Ljava/lang/Object;' in 'java/lang/invoke/LambdaForm$MH+0x0000020e12010c00')}
  0x0000020e00d67c48: 0148 ba08 | 1147 520e | 0200 0048 | 8d92 c801 | 0000 4c8b | c64d 85c0 | 7504 4883 

  0x0000020e00d67c64: ;   {metadata(method data for {method} {0x0000020e55022b48} 'invoke' '(Ljava/lang/Object;J)Ljava/lang/Object;' in 'java/lang/invoke/LambdaForm$MH+0x0000020e1277e000')}
  0x0000020e00d67c64: 0a01 48ba | 0030 0255 | 0e02 0000 | 488d 9228 | 0200 004c | 8bc6 4d85 | c075 0448 

  0x0000020e00d67c80: ;   {metadata(method data for {method} {0x0000020e55022b48} 'invoke' '(Ljava/lang/Object;J)Ljava/lang/Object;' in 'java/lang/invoke/LambdaForm$MH+0x0000020e1277e000')}
  0x0000020e00d67c80: 830a 0148 | ba00 3002 | 550e 0200 | 0048 8d92 | a802 0000 | 4c8b c64d | 85c0 7505 | 4883 4a08 
  0x0000020e00d67ca0: ;   {metadata(method data for {method} {0x0000020e55020a98} 'invoke' '(Ljava/lang/Object;JLjava/lang/Object;J)J' in 'java/lang/invoke/LambdaForm$MH+0x0000020e1277d000')}
  0x0000020e00d67ca0: 0148 baf8 | 0c02 550e | 0200 0048 | 8d92 6002 

  0x0000020e00d67cb0: ;   {oop(a 'java/lang/invoke/BoundMethodHandle$Species_LL'{0x0000000706598798})}
  0x0000020e00d67cb0: 0000 49b8 | 9887 5906 | 0700 0000 | 4d85 c075 | 0448 830a | 014c 8bc6 | 4d85 c075 | 0548 834a 
  0x0000020e00d67cd0: ;   {metadata(method data for {method} {0x0000020e55022b48} 'invoke' '(Ljava/lang/Object;J)Ljava/lang/Object;' in 'java/lang/invoke/LambdaForm$MH+0x0000020e1277e000')}
  0x0000020e00d67cd0: 1001 48ba | 0030 0255 | 0e02 0000 | 4883 8270 | 0200 0001 

  0x0000020e00d67ce4: ;   {metadata(method data for {method} {0x0000020e55020a98} 'invoke' '(Ljava/lang/Object;JLjava/lang/Object;J)J' in 'java/lang/invoke/LambdaForm$MH+0x0000020e1277d000')}
  0x0000020e00d67ce4: 48ba f80c | 0255 0e02 | 0000 448b | 82cc 0000 | 0041 83c0 | 0244 8982 | cc00 0000 | 4181 e0fe 
  0x0000020e00d67d04: ff1f 0041 | 83f8 000f | 8480 0a00 

  0x0000020e00d67d10: ;   {metadata(method data for {method} {0x0000020e55020a98} 'invoke' '(Ljava/lang/Object;JLjava/lang/Object;J)J' in 'java/lang/invoke/LambdaForm$MH+0x0000020e1277d000')}
  0x0000020e00d67d10: 0048 baf8 | 0c02 550e | 0200 0048 | 8d92 b801 | 0000 4c8b | c64d 85c0 | 7505 4883 

  0x0000020e00d67d2c: ;   {metadata(method data for {method} {0x0000020e110b4ee8} 'invokeStatic' '(Ljava/lang/Object;JLjava/lang/Object;JLjava/lang/Object;)J' in 'java/lang/invoke/DirectMethodHandle$Holder')}
  0x0000020e00d67d2c: 4a08 0148 | ba58 6718 | 550e 0200 | 0048 8d92 | 3802 0000 

  0x0000020e00d67d40: ;   {oop(a 'java/lang/invoke/DirectMethodHandle'{0x0000000703d294c8})}
  0x0000020e00d67d40: 49b8 c894 | d203 0700 | 0000 4d8b | c84d 85c9 | 7504 4883 | 0a01 4c8b | ce4d 85c9 | 7505 4883 
  0x0000020e00d67d60: ;   {metadata(method data for {method} {0x0000020e55020a98} 'invoke' '(Ljava/lang/Object;JLjava/lang/Object;J)J' in 'java/lang/invoke/LambdaForm$MH+0x0000020e1277d000')}
  0x0000020e00d67d60: 4a10 0148 | baf8 0c02 | 550e 0200 | 0048 8382 | 8001 0000 

  0x0000020e00d67d74: ;   {metadata(method data for {method} {0x0000020e110b4ee8} 'invokeStatic' '(Ljava/lang/Object;JLjava/lang/Object;JLjava/lang/Object;)J' in 'java/lang/invoke/DirectMethodHandle$Holder')}
  0x0000020e00d67d74: 0148 ba58 | 6718 550e | 0200 0044 | 8b8a cc00 | 0000 4183 | c102 4489 | 8acc 0000 | 0041 81e1 
  0x0000020e00d67d94: feff 1f00 | 4183 f900 | 0f84 100a 

  0x0000020e00d67da0: ;   {metadata(method data for {method} {0x0000020e110b4ee8} 'invokeStatic' '(Ljava/lang/Object;JLjava/lang/Object;JLjava/lang/Object;)J' in 'java/lang/invoke/DirectMethodHandle$Holder')}
  0x0000020e00d67da0: 0000 48ba | 5867 1855 | 0e02 0000 | 488d 9220 | 0100 004d | 85c0 7505 | 4883 4a08 

  0x0000020e00d67dbc: ;   {metadata(method data for {method} {0x0000020e110b4ee8} 'invokeStatic' '(Ljava/lang/Object;JLjava/lang/Object;JLjava/lang/Object;)J' in 'java/lang/invoke/DirectMethodHandle$Holder')}
  0x0000020e00d67dbc: 0148 ba58 | 6718 550e | 0200 0048 | 8382 1001 

  0x0000020e00d67dcc: ;   {metadata(method data for {method} {0x0000020e110a3038} 'internalMemberName' '(Ljava/lang/Object;)Ljava/lang/Object;' in 'java/lang/invoke/DirectMethodHandle')}
  0x0000020e00d67dcc: 0000 0148 | ba38 a424 | 520e 0200 | 0044 8b82 | cc00 0000 | 4183 c002 | 4489 82cc | 0000 0041 
  0x0000020e00d67dec: 81e0 feff | 1f00 4183 | f800 0f84 | d709 0000 

  0x0000020e00d67dfc: ;   {metadata(method data for {method} {0x0000020e110b4ee8} 'invokeStatic' '(Ljava/lang/Object;JLjava/lang/Object;JLjava/lang/Object;)J' in 'java/lang/invoke/DirectMethodHandle$Holder')}
  0x0000020e00d67dfc: 48ba 5867 | 1855 0e02 | 0000 488d | 9230 0100 

  0x0000020e00d67e0c: ;   {oop(a 'java/lang/invoke/MemberName'{0x0000000703d294f0} = {method} {0x0000020e11424d98} 'prepend' '(J[BJLjava/lang/String;)J' in 'java/lang/StringConcatHelper')}
  0x0000020e00d67e0c: 0048 bbf0 | 94d2 0307 | 0000 004c | 8bc3 4d85 | c075 0448 

  0x0000020e00d67e20: ;   {metadata(method data for {method} {0x0000020e110b4ee8} 'invokeStatic' '(Ljava/lang/Object;JLjava/lang/Object;JLjava/lang/Object;)J' in 'java/lang/invoke/DirectMethodHandle$Holder')}
  0x0000020e00d67e20: 830a 0148 | ba58 6718 | 550e 0200 | 0048 8d92 | 8801 0000 | 4c8b c64d | 85c0 7505 | 4883 4a08 
  0x0000020e00d67e40: ;   {oop("WaveformExecutive.getGraphicsData: "{0x00000007065987c0})}
  0x0000020e00d67e40: 0148 bfc0 | 8759 0607 | 0000 004c | 8bc7 4d85 | c075 0548 | 834a 1801 

  0x0000020e00d67e58: ;   {metadata(method data for {method} {0x0000020e110b4ee8} 'invokeStatic' '(Ljava/lang/Object;JLjava/lang/Object;JLjava/lang/Object;)J' in 'java/lang/invoke/DirectMethodHandle$Holder')}
  0x0000020e00d67e58: 48ba 5867 | 1855 0e02 | 0000 4883 | 8278 0100 | 0001 488b | 9424 4801 | 0000 4c8b | c64c 8b8c 
  0x0000020e00d67e78: 2440 0100 | 0048 8bf3 | 0f1f 8000 

  0x0000020e00d67e84: ;   {static_call}
  0x0000020e00d67e84: 0000 00e8 

  0x0000020e00d67e88: ; ImmutableOopMap {[312]=Oop [344]=Oop }
                      ;*invokestatic linkToStatic {reexecute=0 rethrow=0 return_oop=0}
                      ; - java.lang.invoke.DirectMethodHandle$Holder::invokeStatic@17
                      ; - java.lang.invoke.LambdaForm$MH/0x0000020e1277d000::invoke@28
                      ; - java.lang.invoke.LambdaForm$MH/0x0000020e1277e000::invoke@54
                      ; - java.lang.invoke.Invokers$Holder::linkToTargetMethod@5
                      ; - ui.views.waveform.executive.a::mvk@104 (line 469)
  0x0000020e00d67e88: 74c0 f506 

  0x0000020e00d67e8c: ;   {other}
  0x0000020e00d67e8c: 0f1f 8400 | 7c12 0007 

  0x0000020e00d67e94: ;   {metadata(method data for {method} {0x0000020e55022b48} 'invoke' '(Ljava/lang/Object;J)Ljava/lang/Object;' in 'java/lang/invoke/LambdaForm$MH+0x0000020e1277e000')}
  0x0000020e00d67e94: 48ba 0030 | 0255 0e02 | 0000 488d | 9230 0300 | 0048 8bb4 | 2458 0100 | 004c 8bc6 | 4d85 c075 
  0x0000020e00d67eb4: 0548 834a 

  0x0000020e00d67eb8: ;   {metadata(method data for {method} {0x0000020e110b4390} 'invokeStatic' '(Ljava/lang/Object;Ljava/lang/Object;J)Ljava/lang/Object;' in 'java/lang/invoke/DirectMethodHandle$Holder')}
  0x0000020e00d67eb8: 0801 48ba | 90df 9752 | 0e02 0000 | 488d 9228 

  0x0000020e00d67ec8: ;   {oop(a 'java/lang/invoke/DirectMethodHandle'{0x000000070232e770})}
  0x0000020e00d67ec8: 0200 0049 | b870 e732 | 0207 0000 | 004d 8bc8 | 4d85 c975 | 0448 830a | 014c 8bce | 4d85 c975 
  0x0000020e00d67ee8: 0548 834a 

  0x0000020e00d67eec: ;   {metadata(method data for {method} {0x0000020e55022b48} 'invoke' '(Ljava/lang/Object;J)Ljava/lang/Object;' in 'java/lang/invoke/LambdaForm$MH+0x0000020e1277e000')}
  0x0000020e00d67eec: 1001 48ba | 0030 0255 | 0e02 0000 | 4883 82f8 | 0200 0001 

  0x0000020e00d67f00: ;   {metadata(method data for {method} {0x0000020e110b4390} 'invokeStatic' '(Ljava/lang/Object;Ljava/lang/Object;J)Ljava/lang/Object;' in 'java/lang/invoke/DirectMethodHandle$Holder')}
  0x0000020e00d67f00: 48ba 90df | 9752 0e02 | 0000 448b | 8acc 0000 | 0041 83c1 | 0244 898a | cc00 0000 | 4181 e1fe 
  0x0000020e00d67f20: ff1f 0041 | 83f9 000f | 84c7 0800 

  0x0000020e00d67f2c: ;   {metadata(method data for {method} {0x0000020e110b4390} 'invokeStatic' '(Ljava/lang/Object;Ljava/lang/Object;J)Ljava/lang/Object;' in 'java/lang/invoke/DirectMethodHandle$Holder')}
  0x0000020e00d67f2c: 0048 ba90 | df97 520e | 0200 0048 | 8d92 2001 | 0000 4d85 | c075 0548 | 834a 0801 

  0x0000020e00d67f48: ;   {metadata(method data for {method} {0x0000020e110b4390} 'invokeStatic' '(Ljava/lang/Object;Ljava/lang/Object;J)Ljava/lang/Object;' in 'java/lang/invoke/DirectMethodHandle$Holder')}
  0x0000020e00d67f48: 48ba 90df | 9752 0e02 | 0000 4883 | 8210 0100 

  0x0000020e00d67f58: ;   {metadata(method data for {method} {0x0000020e110a3038} 'internalMemberName' '(Ljava/lang/Object;)Ljava/lang/Object;' in 'java/lang/invoke/DirectMethodHandle')}
  0x0000020e00d67f58: 0001 48ba | 38a4 2452 | 0e02 0000 | 448b 82cc | 0000 0041 | 83c0 0244 | 8982 cc00 | 0000 4181 
  0x0000020e00d67f78: e0fe ff1f | 0041 83f8 | 000f 848e 

  0x0000020e00d67f84: ;   {metadata(method data for {method} {0x0000020e110b4390} 'invokeStatic' '(Ljava/lang/Object;Ljava/lang/Object;J)Ljava/lang/Object;' in 'java/lang/invoke/DirectMethodHandle$Holder')}
  0x0000020e00d67f84: 0800 0048 | ba90 df97 | 520e 0200 | 0048 8d92 | 3001 0000 

  0x0000020e00d67f98: ;   {oop(a 'java/lang/invoke/MemberName'{0x000000070232e7d8} = {method} {0x0000020e114250b0} 'newString' '([BJ)Ljava/lang/String;' in 'java/lang/StringConcatHelper')}
  0x0000020e00d67f98: 49b9 d8e7 | 3202 0700 | 0000 4d8b | c14d 85c0 | 7504 4883 

  0x0000020e00d67fac: ;   {metadata(method data for {method} {0x0000020e110b4390} 'invokeStatic' '(Ljava/lang/Object;Ljava/lang/Object;J)Ljava/lang/Object;' in 'java/lang/invoke/DirectMethodHandle$Holder')}
  0x0000020e00d67fac: 0a01 48ba | 90df 9752 | 0e02 0000 | 488d 9288 | 0100 004c | 8bc6 4d85 | c075 0548 | 834a 0801 
  0x0000020e00d67fcc: 4d8b c14d | 85c0 7505 | 4883 4a18 

  0x0000020e00d67fd8: ;   {metadata(method data for {method} {0x0000020e110b4390} 'invokeStatic' '(Ljava/lang/Object;Ljava/lang/Object;J)Ljava/lang/Object;' in 'java/lang/invoke/DirectMethodHandle$Holder')}
  0x0000020e00d67fd8: 0148 ba90 | df97 520e | 0200 0048 | 8382 7801 | 0000 0148 | 8bd6 4c8b | c066 0f1f 

  0x0000020e00d67ff4: ;   {static_call}
  0x0000020e00d67ff4: 4400 00e8 

  0x0000020e00d67ff8: ; ImmutableOopMap {[312]=Oop }
                      ;*invokestatic linkToStatic {reexecute=0 rethrow=0 return_oop=0}
                      ; - java.lang.invoke.DirectMethodHandle$Holder::invokeStatic@13
                      ; - java.lang.invoke.LambdaForm$MH/0x0000020e1277e000::invoke@74
                      ; - java.lang.invoke.Invokers$Holder::linkToTargetMethod@5
                      ; - ui.views.waveform.executive.a::mvk@104 (line 469)
  0x0000020e00d67ff8: 048a e506 

  0x0000020e00d67ffc: ;   {other}
  0x0000020e00d67ffc: 0f1f 8400 | ec13 0008 

  0x0000020e00d68004: ;   {metadata(method data for {method} {0x0000020e110b4390} 'invokeStatic' '(Ljava/lang/Object;Ljava/lang/Object;J)Ljava/lang/Object;' in 'java/lang/invoke/DirectMethodHandle$Holder')}
  0x0000020e00d68004: 48ba 90df | 9752 0e02 | 0000 488d | 92a8 0100 | 0048 8bf0 | 4885 f675 | 0448 830a 

  0x0000020e00d68020: ;   {metadata(method data for {method} {0x0000020e55022b48} 'invoke' '(Ljava/lang/Object;J)Ljava/lang/Object;' in 'java/lang/invoke/LambdaForm$MH+0x0000020e1277e000')}
  0x0000020e00d68020: 0148 ba00 | 3002 550e | 0200 0048 | 8d92 4003 | 0000 488b | f048 85f6 | 7506 4883 | 0a01 eb26 
  0x0000020e00d68040: 8b76 0849 | ba00 0000 | 110e 0200 | 0049 03f2 | 4833 3248 | f7c6 fcff | ffff 740a | 40f6 c602 
  0x0000020e00d68060: 7504 4883 

  0x0000020e00d68064: ;   {metadata(method data for {method} {0x0000020e110aff60} 'linkToTargetMethod' '(JLjava/lang/Object;)Ljava/lang/Object;' in 'java/lang/invoke/Invokers$Holder')}
  0x0000020e00d68064: 0a02 48ba | f05f 1855 | 0e02 0000 | 488d 9280 | 0100 0048 | 8bf0 4885 | f675 0448 | 830a 01e9 
  0x0000020e00d68084: 3802 0000 | 498b 8700 | 0500 004d | 33d2 4d89 | 9700 0500 | 004d 33d2 | 4d89 9708 | 0500 0048 
  0x0000020e00d680a4: ;   {metadata(method data for {method} {0x0000020e54062208} 'mvk' '()Ljava/io/ByteArrayInputStream;' in 'ui/views/waveform/executive/a')}
  0x0000020e00d680a4: 8bd0 48be | e04c 1495 | 0e02 0000 | 8b52 0849 | ba00 0000 | 110e 0200 | 0049 03d2 | 483b 9678 
  0x0000020e00d680c4: 0100 0075 | 0d48 8386 | 8001 0000 | 01e9 6000 | 0000 483b | 9688 0100 | 0075 0d48 | 8386 9001 
  0x0000020e00d680e4: 0000 01e9 | 4a00 0000 | 4883 be78 | 0100 0000 | 7517 4889 | 9678 0100 | 0048 c786 | 8001 0000 
  0x0000020e00d68104: 0100 0000 | e929 0000 | 0048 83be | 8801 0000 | 0075 1748 | 8996 8801 | 0000 48c7 | 8690 0100 
  0x0000020e00d68124: 0001 0000 | 00e9 0800 | 0000 4883 | 8668 0100 | 0001 488b | d048 8984 | 2460 0100 | 000f 1f40 
  0x0000020e00d68144: 0048 b8ff | ffff ffff 

  0x0000020e00d6814c: ;   {virtual_call}
  0x0000020e00d6814c: ffff ffe8 

  0x0000020e00d68150: ; ImmutableOopMap {[352]=Oop }
                      ;*invokevirtual toString {reexecute=0 rethrow=0 return_oop=0}
                      ; - ui.views.waveform.executive.a::mvk@28 (line 454)
  0x0000020e00d68150: 2c6c 7306 

  0x0000020e00d68154: ;   {other}
  0x0000020e00d68154: 0f1f 8400 | 4415 0009 

  0x0000020e00d6815c: ; implicit exception: dispatches to 0x0000020e00d68836
  0x0000020e00d6815c: 483b 004c 

  0x0000020e00d68160: ;   {metadata(method data for {method} {0x0000020e54062208} 'mvk' '()Ljava/io/ByteArrayInputStream;' in 'ui/views/waveform/executive/a')}
  0x0000020e00d68160: 8bc0 48ba | e04c 1495 | 0e02 0000 | 4883 82a0 | 0100 0001 

  0x0000020e00d68174: ;   {metadata(method data for {method} {0x0000020e11457ed0} 'contains' '(Ljava/lang/CharSequence;)Z' in 'java/lang/String')}
  0x0000020e00d68174: 49b8 0036 | 4d52 0e02 | 0000 418b | 90cc 0000 | 0083 c202 | 4189 90cc | 0000 0081 | e2fe ff1f 
  0x0000020e00d68194: 0083 fa00 | 0f84 9d06 

  0x0000020e00d6819c: ;   {oop("Unknown exception occurred"{0x00000007060f9ef0})}
  0x0000020e00d6819c: 0000 49b8 | f09e 0f06 | 0700 0000 

  0x0000020e00d681a8: ;   {metadata(method data for {method} {0x0000020e11457ed0} 'contains' '(Ljava/lang/CharSequence;)Z' in 'java/lang/String')}
  0x0000020e00d681a8: 498b d048 | be00 364d | 520e 0200 | 0048 8386 | 2801 0000 

  0x0000020e00d681bc: ;   {metadata(method data for {method} {0x0000020e1100ebd0} 'toString' '()Ljava/lang/String;' in 'java/lang/String')}
  0x0000020e00d681bc: 0148 ba30 | fa06 520e | 0200 008b | b2cc 0000 | 0083 c602 | 89b2 cc00 | 0000 81e6 | feff 1f00 
  0x0000020e00d681dc: 83fe 000f | 8477 0600 | 0048 8bd0 

  0x0000020e00d681e8: ;   {metadata(method data for {method} {0x0000020e11457ed0} 'contains' '(Ljava/lang/CharSequence;)Z' in 'java/lang/String')}
  0x0000020e00d681e8: 48be 0036 | 4d52 0e02 | 0000 4883 | 8648 0100 | 0001 488b 

  0x0000020e00d681fc: ;   {optimized virtual_call}
  0x0000020e00d681fc: d066 90e8 

  0x0000020e00d68200: ; ImmutableOopMap {[352]=Oop }
                      ;*invokevirtual indexOf {reexecute=0 rethrow=0 return_oop=0}
                      ; - java.lang.String::contains@7 (line 2977)
                      ; - ui.views.waveform.executive.a::mvk@33 (line 454)
  0x0000020e00d68200: 7c68 7306 

  0x0000020e00d68204: ;   {other}
  0x0000020e00d68204: 0f1f 8400 | f415 000a 

  0x0000020e00d6820c: ;   {metadata(method data for {method} {0x0000020e11457ed0} 'contains' '(Ljava/lang/CharSequence;)Z' in 'java/lang/String')}
  0x0000020e00d6820c: 83f8 0048 | b800 364d | 520e 0200 | 0048 ba80 | 0100 0000 | 0000 000f | 8c0a 0000 | 0048 ba90 
  0x0000020e00d6822c: 0100 0000 | 0000 0048 | 8b34 1048 | 8d76 0148 | 8934 100f | 8c1a 0000 

  0x0000020e00d68244: ;   {metadata(method data for {method} {0x0000020e11457ed0} 'contains' '(Ljava/lang/CharSequence;)Z' in 'java/lang/String')}
  0x0000020e00d68244: 0048 b800 | 364d 520e | 0200 00ff | 80a0 0100 | 00b8 0100 | 0000 e905 | 0000 00b8 | 0000 0000 
  0x0000020e00d68264: 83e0 0183 

  0x0000020e00d68268: ;   {metadata(method data for {method} {0x0000020e54062208} 'mvk' '()Ljava/io/ByteArrayInputStream;' in 'ui/views/waveform/executive/a')}
  0x0000020e00d68268: f800 48b8 | e04c 1495 | 0e02 0000 | 48ba d801 | 0000 0000 | 0000 0f84 | 0a00 0000 | 48ba e801 
  0x0000020e00d68288: 0000 0000 | 0000 488b | 3410 488d | 7601 4889 | 3410 0f84 | 2201 0000 

  0x0000020e00d682a0: ;   {oop(nullptr)}
  0x0000020e00d682a0: 48b8 0000 | 0000 0000 | 0000 4881 | c480 0100 

  0x0000020e00d682b0: ;   {poll_return}
  0x0000020e00d682b0: 005d 493b | a750 0400 | 000f 87be | 0500 00c3 

  0x0000020e00d682c0: ;   {metadata(method data for {method} {0x0000020e54062208} 'mvk' '()Ljava/io/ByteArrayInputStream;' in 'ui/views/waveform/executive/a')}
  0x0000020e00d682c0: 48ba e04c | 1495 0e02 | 0000 488d | 9298 0200 | 0048 8bf0 | 4885 f675 | 0448 830a 

  0x0000020e00d682dc: ;   {metadata(method data for {method} {0x0000020e54062208} 'mvk' '()Ljava/io/ByteArrayInputStream;' in 'ui/views/waveform/executive/a')}
  0x0000020e00d682dc: 0148 bae0 | 4c14 950e | 0200 0048 | 8382 a802 | 0000 0148 | 8bd0 0f1f 

  0x0000020e00d682f4: ;   {static_call}
  0x0000020e00d682f4: 4400 00e8 

  0x0000020e00d682f8: ; ImmutableOopMap {[312]=Oop }
                      ;*invokestatic debug {reexecute=0 rethrow=0 return_oop=0}
                      ; - ui.views.waveform.executive.a::mvk@109 (line 469)
  0x0000020e00d682f8: 24fa 8107 

  0x0000020e00d682fc: ;   {other}
  0x0000020e00d682fc: 0f1f 8400 | ec16 000b 

  0x0000020e00d68304: ;   {metadata(method data for {method} {0x0000020e54062208} 'mvk' '()Ljava/io/ByteArrayInputStream;' in 'ui/views/waveform/executive/a')}
  0x0000020e00d68304: 48ba e04c | 1495 0e02 | 0000 4883 | 82b8 0200 

  0x0000020e00d68314: ;   {metadata(method data for {method} {0x0000020e94a776f8} 'cI' '([B)Ljava/io/ByteArrayInputStream;' in 'ui/views/waveform/h/c')}
  0x0000020e00d68314: 0001 48ba | e84f 1495 | 0e02 0000 | 8bb2 cc00 | 0000 83c6 | 0289 b2cc | 0000 0081 | e6fe ff1f 
  0x0000020e00d68334: 0083 fe00 | 0f84 5505 

  0x0000020e00d6833c: ;   {metadata(method data for {method} {0x0000020e94a776f8} 'cI' '([B)Ljava/io/ByteArrayInputStream;' in 'ui/views/waveform/h/c')}
  0x0000020e00d6833c: 0000 48ba | e84f 1495 | 0e02 0000 | 4883 8210 | 0100 0001 | 488b 9424 | 3801 0000 | 0f1f 8000 
  0x0000020e00d6835c: ;   {static_call}
  0x0000020e00d6835c: 0000 00e8 

  0x0000020e00d68360: ; ImmutableOopMap {}
                      ;*invokestatic e {reexecute=0 rethrow=0 return_oop=0}
                      ; - ui.views.waveform.h.c::cI@1 (line 257)
                      ; - ui.views.waveform.executive.a::mvk@114 (line 471)
  0x0000020e00d68360: dc7e 7fff 

  0x0000020e00d68364: ;   {other}
  0x0000020e00d68364: 0f1f 8400 | 5417 000c | 4881 c480 | 0100 005d 

  0x0000020e00d68374: ;   {poll_return}
  0x0000020e00d68374: 493b a750 | 0400 000f | 8733 0500 

  0x0000020e00d68380: ;   {oop(nullptr)}
  0x0000020e00d68380: 00c3 48b8 | 0000 0000 | 0000 0000 | 4881 c480 | 0100 005d 

  0x0000020e00d68394: ;   {poll_return}
  0x0000020e00d68394: 493b a750 | 0400 000f | 8729 0500 

  0x0000020e00d683a0: ;   {oop(nullptr)}
  0x0000020e00d683a0: 00c3 48b8 | 0000 0000 | 0000 0000 | 4881 c480 | 0100 005d 

  0x0000020e00d683b4: ;   {poll_return}
  0x0000020e00d683b4: 493b a750 | 0400 000f | 871f 0500 | 00c3 488b | 8424 6001 | 0000 e95e 

  0x0000020e00d683cc: ;   {metadata('java/lang/OutOfMemoryError')}
  0x0000020e00d683cc: 0500 0048 | ba48 3402 | 110e 0200 | 0049 8b87 | b801 0000 | 488d 7828 | 493b bfc8 | 0100 000f 
  0x0000020e00d683ec: 8705 0500 | 0049 89bf | b801 0000 | 48c7 0001 | 0000 0048 | 8bca 49ba | 0000 0011 | 0e02 0000 
  0x0000020e00d6840c: 492b ca89 | 4808 4833 | c989 480c | 4833 c948 | 8948 1048 | 8948 1848 | 8948 204c 

  0x0000020e00d68428: ;   {metadata(method data for {method} {0x0000020e11425160} 'newArray' '(J)[B' in 'java/lang/StringConcatHelper')}
  0x0000020e00d68428: 8bc0 48ba | a806 0552 | 0e02 0000 | 4883 8230 | 0100 0001 

  0x0000020e00d6843c: ;   {oop("Overflow: String length out of range"{0x00000007023ac6f0})}
  0x0000020e00d6843c: 49b8 f0c6 | 3a02 0700 | 0000 488b | d048 8984 | 2468 0100 | 0066 0f1f 

  0x0000020e00d68454: ;   {optimized virtual_call}
  0x0000020e00d68454: 4400 00e8 

  0x0000020e00d68458: ; ImmutableOopMap {[312]=Oop [360]=Oop }
                      ;*invokespecial <init> {reexecute=0 rethrow=0 return_oop=0}
                      ; - java.lang.StringConcatHelper::newArray@22 (line 509)
                      ; - java.lang.StringConcatHelper::newArrayWithSuffix@7 (line 489)
                      ; - java.lang.invoke.DirectMethodHandle$Holder::invokeStatic@13
                      ; - java.lang.invoke.LambdaForm$MH/0x0000020e12010c00::invoke@23
                      ; - java.lang.invoke.LambdaForm$MH/0x0000020e1277e000::invoke@33
                      ; - java.lang.invoke.Invokers$Holder::linkToTargetMethod@5
                      ; - ui.views.waveform.executive.a::mvk@104 (line 469)
  0x0000020e00d68458: 2466 7306 

  0x0000020e00d6845c: ;   {other}
  0x0000020e00d6845c: 0f1f 8400 | 4c18 000d | 488b 8424 | 6801 0000 | e9bc 0400 

  0x0000020e00d68470: ;   {metadata('java/lang/OutOfMemoryError')}
  0x0000020e00d68470: 0048 ba48 | 3402 110e | 0200 0049 | 8b87 b801 | 0000 488d | 7828 493b | bfc8 0100 | 000f 8770 
  0x0000020e00d68490: 0400 0049 | 89bf b801 | 0000 48c7 | 0001 0000 | 0048 8bca | 49ba 0000 | 0011 0e02 | 0000 492b 
  0x0000020e00d684b0: ca89 4808 | 4833 c989 | 480c 4833 | c948 8948 | 1048 8948 | 1848 8948 | 204c 8bc0 

  0x0000020e00d684cc: ;   {metadata(method data for {method} {0x0000020e11424920} 'checkOverflow' '(J)J' in 'java/lang/StringConcatHelper')}
  0x0000020e00d684cc: 48ba c0fe | 0652 0e02 | 0000 4883 | 8230 0100 

  0x0000020e00d684dc: ;   {oop("Overflow: String length out of range"{0x00000007023ac6f0})}
  0x0000020e00d684dc: 0001 49b8 | f0c6 3a02 | 0700 0000 | 488b d048 | 8984 2470 | 0100 000f 

  0x0000020e00d684f4: ;   {optimized virtual_call}
  0x0000020e00d684f4: 1f40 00e8 

  0x0000020e00d684f8: ; ImmutableOopMap {[312]=Oop [368]=Oop }
                      ;*invokespecial <init> {reexecute=0 rethrow=0 return_oop=0}
                      ; - java.lang.StringConcatHelper::checkOverflow@13 (line 68)
                      ; - java.lang.StringConcatHelper::mix@7 (line 112)
                      ; - java.lang.invoke.DirectMethodHandle$Holder::invokeStatic@13
                      ; - java.lang.invoke.LambdaForm$MH/0x0000020e1277dc00::invoke@23
                      ; - java.lang.invoke.LambdaForm$MH/0x0000020e1277e000::invoke@15
                      ; - java.lang.invoke.Invokers$Holder::linkToTargetMethod@5
                      ; - ui.views.waveform.executive.a::mvk@104 (line 469)
  0x0000020e00d684f8: 8465 7306 

  0x0000020e00d684fc: ;   {other}
  0x0000020e00d684fc: 0f1f 8400 | ec18 000e | 488b 8424 | 7001 0000 | e91c 0400 

  0x0000020e00d68510: ;   {metadata({method} {0x0000020e54062208} 'mvk' '()Ljava/io/ByteArrayInputStream;' in 'ui/views/waveform/executive/a')}
  0x0000020e00d68510: 0049 ba00 | 2206 540e | 0200 004c | 8954 2408 | 48c7 0424 | ffff ffff 

  0x0000020e00d68528: ;   {runtime_call counter_overflow Runtime1 stub}
  0x0000020e00d68528: e853 5580 

  0x0000020e00d6852c: ; ImmutableOopMap {rdx=Oop [296]=Oop }
                      ;*synchronization entry
                      ; - ui.views.waveform.executive.a::mvk@-1 (line 445)
  0x0000020e00d6852c: 06e9 7deb 

  0x0000020e00d68530: ;   {metadata({method} {0x0000020e52691730} 'gjA' '()J' in 'ui/utils/s/d')}
  0x0000020e00d68530: ffff 49ba | 2817 6952 | 0e02 0000 | 4c89 5424 | 0848 c704 | 24ff ffff 

  0x0000020e00d68548: ;   {runtime_call counter_overflow Runtime1 stub}
  0x0000020e00d68548: ffe8 3255 

  0x0000020e00d6854c: ; ImmutableOopMap {[296]=Oop }
                      ;*synchronization entry
                      ; - ui.utils.s.d::gjA@-1 (line 380)
                      ; - ui.views.waveform.executive.a::mvk@0 (line 445)
  0x0000020e00d6854c: 8006 e996 

  0x0000020e00d68550: ;   {runtime_call new_type_array Runtime1 stub}
  0x0000020e00d68550: ebff ffe8 

  0x0000020e00d68554: ; ImmutableOopMap {r11=Oop [296]=Oop }
                      ;*newarray {reexecute=0 rethrow=0 return_oop=0}
                      ; - ui.views.waveform.executive.a::mvk@47 (line 460)
  0x0000020e00d68554: 2813 8006 | e9d8 ecff 

  0x0000020e00d6855c: ;   {runtime_call throw_null_pointer_exception Runtime1 stub}
  0x0000020e00d6855c: ffe8 1e04 

  0x0000020e00d68560: ; ImmutableOopMap {rdx=Oop rax=Oop r8=Oop [296]=Oop [312]=Oop }
                      ;*arraylength {reexecute=0 rethrow=0 return_oop=0}
                      ; - ui.views.waveform.executive.a::mvk@75 (line 463)
  0x0000020e00d68560: 8006 8b7a | 2048 c1e7 | 0348 83ff | 000f 8400 | eeff ff48 

  0x0000020e00d68574: ;   {runtime_call g1_pre_barrier_slow}
  0x0000020e00d68574: 893c 24e8 | 045b 8006 | e9f2 edff | ff48 83f8 | 000f 8407 | eeff ff48 

  0x0000020e00d6858c: ;   {runtime_call g1_post_barrier_slow}
  0x0000020e00d6858c: 8914 24e8 | ec5d 8006 | e9f9 edff 

  0x0000020e00d68598: ;   {metadata({method} {0x0000020e52691730} 'gjA' '()J' in 'ui/utils/s/d')}
  0x0000020e00d68598: ff49 ba28 | 1769 520e | 0200 004c | 8954 2408 | 48c7 0424 | ffff ffff 

  0x0000020e00d685b0: ;   {runtime_call counter_overflow Runtime1 stub}
  0x0000020e00d685b0: e8cb 5480 

  0x0000020e00d685b4: ; ImmutableOopMap {rax=Oop [312]=Oop }
                      ;*synchronization entry
                      ; - ui.utils.s.d::gjA@-1 (line 380)
                      ; - ui.views.waveform.executive.a::mvk@99 (line 469)
  0x0000020e00d685b4: 06e9 12ee 

  0x0000020e00d685b8: ;   {metadata({method} {0x0000020e110aff60} 'linkToTargetMethod' '(JLjava/lang/Object;)Ljava/lang/Object;' in 'java/lang/invoke/Invokers$Holder')}
  0x0000020e00d685b8: ffff 49ba | 58ff 0a11 | 0e02 0000 | 4c89 5424 | 0848 c704 | 24ff ffff 

  0x0000020e00d685d0: ;   {runtime_call counter_overflow Runtime1 stub}
  0x0000020e00d685d0: ffe8 aa54 

  0x0000020e00d685d4: ; ImmutableOopMap {rsi=Oop [312]=Oop }
                      ;*synchronization entry
                      ; - java.lang.invoke.Invokers$Holder::linkToTargetMethod@-1
                      ; - ui.views.waveform.executive.a::mvk@104 (line 469)
  0x0000020e00d685d4: 8006 e98b 

  0x0000020e00d685d8: ;   {metadata({method} {0x0000020e55022b48} 'invoke' '(Ljava/lang/Object;J)Ljava/lang/Object;' in 'java/lang/invoke/LambdaForm$MH+0x0000020e1277e000')}
  0x0000020e00d685d8: eeff ff49 | ba40 2b02 | 550e 0200 | 004c 8954 | 2408 48c7 | 0424 ffff 

  0x0000020e00d685f0: ;   {runtime_call counter_overflow Runtime1 stub}
  0x0000020e00d685f0: ffff e889 

  0x0000020e00d685f4: ; ImmutableOopMap {[312]=Oop }
                      ;*synchronization entry
                      ; - java.lang.invoke.LambdaForm$MH/0x0000020e1277e000::invoke@-1
                      ; - java.lang.invoke.Invokers$Holder::linkToTargetMethod@5
                      ; - ui.views.waveform.executive.a::mvk@104 (line 469)
  0x0000020e00d685f4: 5480 06e9 | beee ffff 

  0x0000020e00d685fc: ;   {metadata({method} {0x0000020e550222a0} 'invoke' '(Ljava/lang/Object;J)J' in 'java/lang/invoke/LambdaForm$MH+0x0000020e1277dc00')}
  0x0000020e00d685fc: 49ba 9822 | 0255 0e02 | 0000 4c89 | 5424 0848 | c704 24ff 

  0x0000020e00d68610: ;   {runtime_call counter_overflow Runtime1 stub}
  0x0000020e00d68610: ffff ffe8 

  0x0000020e00d68614: ; ImmutableOopMap {[312]=Oop }
                      ;*synchronization entry
                      ; - java.lang.invoke.LambdaForm$MH/0x0000020e1277dc00::invoke@-1
                      ; - java.lang.invoke.LambdaForm$MH/0x0000020e1277e000::invoke@15
                      ; - java.lang.invoke.Invokers$Holder::linkToTargetMethod@5
                      ; - ui.views.waveform.executive.a::mvk@104 (line 469)
  0x0000020e00d68614: 6854 8006 | e9fb eeff 

  0x0000020e00d6861c: ;   {metadata({method} {0x0000020e110b4ff0} 'invokeStatic' '(Ljava/lang/Object;JJ)J' in 'java/lang/invoke/DirectMethodHandle$Holder')}
  0x0000020e00d6861c: ff49 bae8 | 4f0b 110e | 0200 004c | 8954 2408 | 48c7 0424 | ffff ffff 

  0x0000020e00d68634: ;   {runtime_call counter_overflow Runtime1 stub}
  0x0000020e00d68634: e847 5480 

  0x0000020e00d68638: ; ImmutableOopMap {rsi=Oop [312]=Oop }
                      ;*synchronization entry
                      ; - java.lang.invoke.DirectMethodHandle$Holder::invokeStatic@-1
                      ; - java.lang.invoke.LambdaForm$MH/0x0000020e1277dc00::invoke@23
                      ; - java.lang.invoke.LambdaForm$MH/0x0000020e1277e000::invoke@15
                      ; - java.lang.invoke.Invokers$Holder::linkToTargetMethod@5
                      ; - ui.views.waveform.executive.a::mvk@104 (line 469)
  0x0000020e00d68638: 06e9 3bef 

  0x0000020e00d6863c: ;   {metadata({method} {0x0000020e110a3038} 'internalMemberName' '(Ljava/lang/Object;)Ljava/lang/Object;' in 'java/lang/invoke/DirectMethodHandle')}
  0x0000020e00d6863c: ffff 49ba | 3030 0a11 | 0e02 0000 | 4c89 5424 | 0848 c704 | 24ff ffff 

  0x0000020e00d68654: ;   {runtime_call counter_overflow Runtime1 stub}
  0x0000020e00d68654: ffe8 2654 

  0x0000020e00d68658: ; ImmutableOopMap {[312]=Oop }
                      ;*synchronization entry
                      ; - java.lang.invoke.DirectMethodHandle::internalMemberName@-1 (line 327)
                      ; - java.lang.invoke.DirectMethodHandle$Holder::invokeStatic@1
                      ; - java.lang.invoke.LambdaForm$MH/0x0000020e1277dc00::invoke@23
                      ; - java.lang.invoke.LambdaForm$MH/0x0000020e1277e000::invoke@15
                      ; - java.lang.invoke.Invokers$Holder::linkToTargetMethod@5
                      ; - ui.views.waveform.executive.a::mvk@104 (line 469)
  0x0000020e00d68658: 8006 e96f 

  0x0000020e00d6865c: ;   {metadata({method} {0x0000020e11424ef8} 'mix' '(JJ)J' in 'java/lang/StringConcatHelper')}
  0x0000020e00d6865c: efff ff49 | baf0 4e42 | 110e 0200 | 004c 8954 | 2408 48c7 | 0424 ffff 

  0x0000020e00d68674: ;   {runtime_call counter_overflow Runtime1 stub}
  0x0000020e00d68674: ffff e805 

  0x0000020e00d68678: ; ImmutableOopMap {[312]=Oop }
                      ;*synchronization entry
                      ; - java.lang.StringConcatHelper::mix@-1 (line 112)
                      ; - java.lang.invoke.DirectMethodHandle$Holder::invokeStatic@13
                      ; - java.lang.invoke.LambdaForm$MH/0x0000020e1277dc00::invoke@23
                      ; - java.lang.invoke.LambdaForm$MH/0x0000020e1277e000::invoke@15
                      ; - java.lang.invoke.Invokers$Holder::linkToTargetMethod@5
                      ; - ui.views.waveform.executive.a::mvk@104 (line 469)
  0x0000020e00d68678: 5480 06e9 | acef ffff 

  0x0000020e00d68680: ;   {metadata({method} {0x0000020e11424920} 'checkOverflow' '(J)J' in 'java/lang/StringConcatHelper')}
  0x0000020e00d68680: 49ba 1849 | 4211 0e02 | 0000 4c89 | 5424 0848 | c704 24ff 

  0x0000020e00d68694: ;   {runtime_call counter_overflow Runtime1 stub}
  0x0000020e00d68694: ffff ffe8 

  0x0000020e00d68698: ; ImmutableOopMap {[312]=Oop }
                      ;*synchronization entry
                      ; - java.lang.StringConcatHelper::checkOverflow@-1 (line 65)
                      ; - java.lang.StringConcatHelper::mix@7 (line 112)
                      ; - java.lang.invoke.DirectMethodHandle$Holder::invokeStatic@13
                      ; - java.lang.invoke.LambdaForm$MH/0x0000020e1277dc00::invoke@23
                      ; - java.lang.invoke.LambdaForm$MH/0x0000020e1277e000::invoke@15
                      ; - java.lang.invoke.Invokers$Holder::linkToTargetMethod@5
                      ; - ui.views.waveform.executive.a::mvk@104 (line 469)
  0x0000020e00d68698: e453 8006 | e90a f0ff 

  0x0000020e00d686a0: ;   {metadata({method} {0x0000020e52470e90} 'invoke' '(Ljava/lang/Object;J)Ljava/lang/Object;' in 'java/lang/invoke/LambdaForm$MH+0x0000020e12010c00')}
  0x0000020e00d686a0: ff49 ba88 | 0e47 520e | 0200 004c | 8954 2408 | 48c7 0424 | ffff ffff 

  0x0000020e00d686b8: ;   {runtime_call counter_overflow Runtime1 stub}
  0x0000020e00d686b8: e8c3 5380 

  0x0000020e00d686bc: ; ImmutableOopMap {[312]=Oop }
                      ;*synchronization entry
                      ; - java.lang.invoke.LambdaForm$MH/0x0000020e12010c00::invoke@-1
                      ; - java.lang.invoke.LambdaForm$MH/0x0000020e1277e000::invoke@33
                      ; - java.lang.invoke.Invokers$Holder::linkToTargetMethod@5
                      ; - ui.views.waveform.executive.a::mvk@104 (line 469)
  0x0000020e00d686bc: 06e9 87f0 

  0x0000020e00d686c0: ;   {metadata({method} {0x0000020e110b4390} 'invokeStatic' '(Ljava/lang/Object;Ljava/lang/Object;J)Ljava/lang/Object;' in 'java/lang/invoke/DirectMethodHandle$Holder')}
  0x0000020e00d686c0: ffff 49ba | 8843 0b11 | 0e02 0000 | 4c89 5424 | 0848 c704 | 24ff ffff 

  0x0000020e00d686d8: ;   {runtime_call counter_overflow Runtime1 stub}
  0x0000020e00d686d8: ffe8 a253 

  0x0000020e00d686dc: ; ImmutableOopMap {r8=Oop r9=Oop [312]=Oop }
                      ;*synchronization entry
                      ; - java.lang.invoke.DirectMethodHandle$Holder::invokeStatic@-1
                      ; - java.lang.invoke.LambdaForm$MH/0x0000020e12010c00::invoke@23
                      ; - java.lang.invoke.LambdaForm$MH/0x0000020e1277e000::invoke@33
                      ; - java.lang.invoke.Invokers$Holder::linkToTargetMethod@5
                      ; - ui.views.waveform.executive.a::mvk@104 (line 469)
  0x0000020e00d686dc: 8006 e9fc 

  0x0000020e00d686e0: ;   {metadata({method} {0x0000020e110a3038} 'internalMemberName' '(Ljava/lang/Object;)Ljava/lang/Object;' in 'java/lang/invoke/DirectMethodHandle')}
  0x0000020e00d686e0: f0ff ff49 | ba30 300a | 110e 0200 | 004c 8954 | 2408 48c7 | 0424 ffff 

  0x0000020e00d686f8: ;   {runtime_call counter_overflow Runtime1 stub}
  0x0000020e00d686f8: ffff e881 

  0x0000020e00d686fc: ; ImmutableOopMap {r8=Oop [312]=Oop }
                      ;*synchronization entry
                      ; - java.lang.invoke.DirectMethodHandle::internalMemberName@-1 (line 327)
                      ; - java.lang.invoke.DirectMethodHandle$Holder::invokeStatic@1
                      ; - java.lang.invoke.LambdaForm$MH/0x0000020e12010c00::invoke@23
                      ; - java.lang.invoke.LambdaForm$MH/0x0000020e1277e000::invoke@33
                      ; - java.lang.invoke.Invokers$Holder::linkToTargetMethod@5
                      ; - ui.views.waveform.executive.a::mvk@104 (line 469)
  0x0000020e00d686fc: 5380 06e9 | 35f1 ffff 

  0x0000020e00d68704: ;   {metadata({method} {0x0000020e11424818} 'newArrayWithSuffix' '(Ljava/lang/String;J)[B' in 'java/lang/StringConcatHelper')}
  0x0000020e00d68704: 49ba 1048 | 4211 0e02 | 0000 4c89 | 5424 0848 | c704 24ff 

  0x0000020e00d68718: ;   {runtime_call counter_overflow Runtime1 stub}
  0x0000020e00d68718: ffff ffe8 

  0x0000020e00d6871c: ; ImmutableOopMap {r8=Oop [312]=Oop }
                      ;*synchronization entry
                      ; - java.lang.StringConcatHelper::newArrayWithSuffix@-1 (line 489)
                      ; - java.lang.invoke.DirectMethodHandle$Holder::invokeStatic@13
                      ; - java.lang.invoke.LambdaForm$MH/0x0000020e12010c00::invoke@23
                      ; - java.lang.invoke.LambdaForm$MH/0x0000020e1277e000::invoke@33
                      ; - java.lang.invoke.Invokers$Holder::linkToTargetMethod@5
                      ; - ui.views.waveform.executive.a::mvk@104 (line 469)
  0x0000020e00d6871c: 6053 8006 | e995 f1ff 

  0x0000020e00d68724: ;   {metadata({method} {0x0000020e1100eee0} 'length' '()I' in 'java/lang/String')}
  0x0000020e00d68724: ff49 bad8 | ee00 110e | 0200 004c | 8954 2408 | 48c7 0424 | ffff ffff 

  0x0000020e00d6873c: ;   {runtime_call counter_overflow Runtime1 stub}
  0x0000020e00d6873c: e83f 5380 

  0x0000020e00d68740: ; ImmutableOopMap {r8=Oop [312]=Oop }
                      ;*synchronization entry
                      ; - java.lang.String::length@-1 (line 1519)
                      ; - java.lang.StringConcatHelper::newArrayWithSuffix@2 (line 489)
                      ; - java.lang.invoke.DirectMethodHandle$Holder::invokeStatic@13
                      ; - java.lang.invoke.LambdaForm$MH/0x0000020e12010c00::invoke@23
                      ; - java.lang.invoke.LambdaForm$MH/0x0000020e1277e000::invoke@33
                      ; - java.lang.invoke.Invokers$Holder::linkToTargetMethod@5
                      ; - ui.views.waveform.executive.a::mvk@104 (line 469)
  0x0000020e00d68740: 06e9 b6f1 

  0x0000020e00d68744: ;   {metadata({method} {0x0000020e1145a188} 'coder' '()B' in 'java/lang/String')}
  0x0000020e00d68744: ffff 49ba | 80a1 4511 | 0e02 0000 | 4c89 5424 | 0848 c704 | 24ff ffff 

  0x0000020e00d6875c: ;   {runtime_call counter_overflow Runtime1 stub}
  0x0000020e00d6875c: ffe8 1e53 

  0x0000020e00d68760: ; ImmutableOopMap {[312]=Oop }
                      ;*synchronization entry
                      ; - java.lang.String::coder@-1 (line 4809)
                      ; - java.lang.String::length@6 (line 1519)
                      ; - java.lang.StringConcatHelper::newArrayWithSuffix@2 (line 489)
                      ; - java.lang.invoke.DirectMethodHandle$Holder::invokeStatic@13
                      ; - java.lang.invoke.LambdaForm$MH/0x0000020e12010c00::invoke@23
                      ; - java.lang.invoke.LambdaForm$MH/0x0000020e1277e000::invoke@33
                      ; - java.lang.invoke.Invokers$Holder::linkToTargetMethod@5
                      ; - ui.views.waveform.executive.a::mvk@104 (line 469)
  0x0000020e00d68760: 8006 e9d4 

  0x0000020e00d68764: ;   {metadata({method} {0x0000020e11425160} 'newArray' '(J)[B' in 'java/lang/StringConcatHelper')}
  0x0000020e00d68764: f1ff ff49 | ba58 5142 | 110e 0200 | 004c 8954 | 2408 48c7 | 0424 ffff 

  0x0000020e00d6877c: ;   {runtime_call counter_overflow Runtime1 stub}
  0x0000020e00d6877c: ffff e8fd 

  0x0000020e00d68780: ; ImmutableOopMap {[312]=Oop }
                      ;*synchronization entry
                      ; - java.lang.StringConcatHelper::newArray@-1 (line 506)
                      ; - java.lang.StringConcatHelper::newArrayWithSuffix@7 (line 489)
                      ; - java.lang.invoke.DirectMethodHandle$Holder::invokeStatic@13
                      ; - java.lang.invoke.LambdaForm$MH/0x0000020e12010c00::invoke@23
                      ; - java.lang.invoke.LambdaForm$MH/0x0000020e1277e000::invoke@33
                      ; - java.lang.invoke.Invokers$Holder::linkToTargetMethod@5
                      ; - ui.views.waveform.executive.a::mvk@104 (line 469)
  0x0000020e00d68780: 5280 06e9 | 22f2 ffff | 4889 0424 

  0x0000020e00d6878c: ;   {runtime_call throw_class_cast_exception Runtime1 stub}
  0x0000020e00d6878c: e8ef 2580 

  0x0000020e00d68790: ; ImmutableOopMap {[312]=Oop }
                      ;*checkcast {reexecute=0 rethrow=0 return_oop=0}
                      ; - java.lang.StringConcatHelper::newArray@36 (line 511)
                      ; - java.lang.StringConcatHelper::newArrayWithSuffix@7 (line 489)
                      ; - java.lang.invoke.DirectMethodHandle$Holder::invokeStatic@13
                      ; - java.lang.invoke.LambdaForm$MH/0x0000020e12010c00::invoke@23
                      ; - java.lang.invoke.LambdaForm$MH/0x0000020e1277e000::invoke@33
                      ; - java.lang.invoke.Invokers$Holder::linkToTargetMethod@5
                      ; - ui.views.waveform.executive.a::mvk@104 (line 469)
                      ;   {metadata({method} {0x0000020e55020a98} 'invoke' '(Ljava/lang/Object;JLjava/lang/Object;J)J' in 'java/lang/invoke/LambdaForm$MH+0x0000020e1277d000')}
  0x0000020e00d68790: 0649 ba90 | 0a02 550e | 0200 004c | 8954 2408 | 48c7 0424 | ffff ffff 

  0x0000020e00d687a8: ;   {runtime_call counter_overflow Runtime1 stub}
  0x0000020e00d687a8: e8d3 5280 

  0x0000020e00d687ac: ; ImmutableOopMap {rsi=Oop [312]=Oop [344]=Oop }
                      ;*synchronization entry
                      ; - java.lang.invoke.LambdaForm$MH/0x0000020e1277d000::invoke@-1
                      ; - java.lang.invoke.LambdaForm$MH/0x0000020e1277e000::invoke@54
                      ; - java.lang.invoke.Invokers$Holder::linkToTargetMethod@5
                      ; - ui.views.waveform.executive.a::mvk@104 (line 469)
  0x0000020e00d687ac: 06e9 5ff5 

  0x0000020e00d687b0: ;   {metadata({method} {0x0000020e110b4ee8} 'invokeStatic' '(Ljava/lang/Object;JLjava/lang/Object;JLjava/lang/Object;)J' in 'java/lang/invoke/DirectMethodHandle$Holder')}
  0x0000020e00d687b0: ffff 49ba | e04e 0b11 | 0e02 0000 | 4c89 5424 | 0848 c704 | 24ff ffff 

  0x0000020e00d687c8: ;   {runtime_call counter_overflow Runtime1 stub}
  0x0000020e00d687c8: ffe8 b252 

  0x0000020e00d687cc: ; ImmutableOopMap {rsi=Oop r8=Oop [312]=Oop [344]=Oop }
                      ;*synchronization entry
                      ; - java.lang.invoke.DirectMethodHandle$Holder::invokeStatic@-1
                      ; - java.lang.invoke.LambdaForm$MH/0x0000020e1277d000::invoke@28
                      ; - java.lang.invoke.LambdaForm$MH/0x0000020e1277e000::invoke@54
                      ; - java.lang.invoke.Invokers$Holder::linkToTargetMethod@5
                      ; - ui.views.waveform.executive.a::mvk@104 (line 469)
  0x0000020e00d687cc: 8006 e9cf 

  0x0000020e00d687d0: ;   {metadata({method} {0x0000020e110a3038} 'internalMemberName' '(Ljava/lang/Object;)Ljava/lang/Object;' in 'java/lang/invoke/DirectMethodHandle')}
  0x0000020e00d687d0: f5ff ff49 | ba30 300a | 110e 0200 | 004c 8954 | 2408 48c7 | 0424 ffff 

  0x0000020e00d687e8: ;   {runtime_call counter_overflow Runtime1 stub}
  0x0000020e00d687e8: ffff e891 

  0x0000020e00d687ec: ; ImmutableOopMap {rsi=Oop [312]=Oop [344]=Oop }
                      ;*synchronization entry
                      ; - java.lang.invoke.DirectMethodHandle::internalMemberName@-1 (line 327)
                      ; - java.lang.invoke.DirectMethodHandle$Holder::invokeStatic@1
                      ; - java.lang.invoke.LambdaForm$MH/0x0000020e1277d000::invoke@28
                      ; - java.lang.invoke.LambdaForm$MH/0x0000020e1277e000::invoke@54
                      ; - java.lang.invoke.Invokers$Holder::linkToTargetMethod@5
                      ; - ui.views.waveform.executive.a::mvk@104 (line 469)
  0x0000020e00d687ec: 5280 06e9 | 08f6 ffff 

  0x0000020e00d687f4: ;   {metadata({method} {0x0000020e110b4390} 'invokeStatic' '(Ljava/lang/Object;Ljava/lang/Object;J)Ljava/lang/Object;' in 'java/lang/invoke/DirectMethodHandle$Holder')}
  0x0000020e00d687f4: 49ba 8843 | 0b11 0e02 | 0000 4c89 | 5424 0848 | c704 24ff 

  0x0000020e00d68808: ;   {runtime_call counter_overflow Runtime1 stub}
  0x0000020e00d68808: ffff ffe8 

  0x0000020e00d6880c: ; ImmutableOopMap {rsi=Oop r8=Oop [312]=Oop [344]=Oop }
                      ;*synchronization entry
                      ; - java.lang.invoke.DirectMethodHandle$Holder::invokeStatic@-1
                      ; - java.lang.invoke.LambdaForm$MH/0x0000020e1277e000::invoke@74
                      ; - java.lang.invoke.Invokers$Holder::linkToTargetMethod@5
                      ; - ui.views.waveform.executive.a::mvk@104 (line 469)
  0x0000020e00d6880c: 7052 8006 | e918 f7ff 

  0x0000020e00d68814: ;   {metadata({method} {0x0000020e110a3038} 'internalMemberName' '(Ljava/lang/Object;)Ljava/lang/Object;' in 'java/lang/invoke/DirectMethodHandle')}
  0x0000020e00d68814: ff49 ba30 | 300a 110e | 0200 004c | 8954 2408 | 48c7 0424 | ffff ffff 

  0x0000020e00d6882c: ;   {runtime_call counter_overflow Runtime1 stub}
  0x0000020e00d6882c: e84f 5280 

  0x0000020e00d68830: ; ImmutableOopMap {rsi=Oop [312]=Oop [344]=Oop }
                      ;*synchronization entry
                      ; - java.lang.invoke.DirectMethodHandle::internalMemberName@-1 (line 327)
                      ; - java.lang.invoke.DirectMethodHandle$Holder::invokeStatic@1
                      ; - java.lang.invoke.LambdaForm$MH/0x0000020e1277e000::invoke@74
                      ; - java.lang.invoke.Invokers$Holder::linkToTargetMethod@5
                      ; - ui.views.waveform.executive.a::mvk@104 (line 469)
  0x0000020e00d68830: 06e9 51f7 

  0x0000020e00d68834: ;   {runtime_call throw_null_pointer_exception Runtime1 stub}
  0x0000020e00d68834: ffff e845 

  0x0000020e00d68838: ; ImmutableOopMap {rax=Oop [352]=Oop }
                      ;*invokevirtual contains {reexecute=0 rethrow=0 return_oop=0}
                      ; - ui.views.waveform.executive.a::mvk@33 (line 454)
                      ;   {metadata({method} {0x0000020e11457ed0} 'contains' '(Ljava/lang/CharSequence;)Z' in 'java/lang/String')}
  0x0000020e00d68838: 0180 0649 | bac8 7e45 | 110e 0200 | 004c 8954 | 2408 48c7 | 0424 ffff 

  0x0000020e00d68850: ;   {runtime_call counter_overflow Runtime1 stub}
  0x0000020e00d68850: ffff e829 

  0x0000020e00d68854: ; ImmutableOopMap {rax=Oop [352]=Oop }
                      ;*synchronization entry
                      ; - java.lang.String::contains@-1 (line 2977)
                      ; - ui.views.waveform.executive.a::mvk@33 (line 454)
  0x0000020e00d68854: 5280 06e9 | 42f9 ffff 

  0x0000020e00d6885c: ;   {metadata({method} {0x0000020e1100ebd0} 'toString' '()Ljava/lang/String;' in 'java/lang/String')}
  0x0000020e00d6885c: 49ba c8eb | 0011 0e02 | 0000 4c89 | 5424 0848 | c704 24ff 

  0x0000020e00d68870: ;   {runtime_call counter_overflow Runtime1 stub}
  0x0000020e00d68870: ffff ffe8 

  0x0000020e00d68874: ; ImmutableOopMap {rax=Oop r8=Oop [352]=Oop }
                      ;*synchronization entry
                      ; - java.lang.String::toString@-1 (line 4296)
                      ; - java.lang.String::contains@2 (line 2977)
                      ; - ui.views.waveform.executive.a::mvk@33 (line 454)
  0x0000020e00d68874: 0852 8006 | e968 f9ff 

  0x0000020e00d6887c: ;   {internal_word}
  0x0000020e00d6887c: ff49 bab2 | 82d6 000e | 0200 004d | 8997 6804 

  0x0000020e00d6888c: ;   {runtime_call SafepointBlob}
  0x0000020e00d6888c: 0000 e96d 

  0x0000020e00d68890: ;   {metadata({method} {0x0000020e94a776f8} 'cI' '([B)Ljava/io/ByteArrayInputStream;' in 'ui/views/waveform/h/c')}
  0x0000020e00d68890: ce73 0649 | baf0 76a7 | 940e 0200 | 004c 8954 | 2408 48c7 | 0424 ffff 

  0x0000020e00d688a8: ;   {runtime_call counter_overflow Runtime1 stub}
  0x0000020e00d688a8: ffff e8d1 

  0x0000020e00d688ac: ; ImmutableOopMap {[312]=Oop }
                      ;*synchronization entry
                      ; - ui.views.waveform.h.c::cI@-1 (line 257)
                      ; - ui.views.waveform.executive.a::mvk@114 (line 471)
  0x0000020e00d688ac: 5180 06e9 | 8afa ffff 

  0x0000020e00d688b4: ;   {internal_word}
  0x0000020e00d688b4: 49ba 7483 | d600 0e02 | 0000 4d89 | 9768 0400 

  0x0000020e00d688c4: ;   {runtime_call SafepointBlob}
  0x0000020e00d688c4: 00e9 36ce 

  0x0000020e00d688c8: ;   {internal_word}
  0x0000020e00d688c8: 7306 49ba | 9483 d600 | 0e02 0000 | 4d89 9768 

  0x0000020e00d688d8: ;   {runtime_call SafepointBlob}
  0x0000020e00d688d8: 0400 00e9 | 20ce 7306 

  0x0000020e00d688e0: ;   {internal_word}
  0x0000020e00d688e0: 49ba b483 | d600 0e02 | 0000 4d89 | 9768 0400 

  0x0000020e00d688f0: ;   {runtime_call SafepointBlob}
  0x0000020e00d688f0: 00e9 0ace | 7306 488b 

  0x0000020e00d688f8: ;   {runtime_call fast_new_instance Runtime1 stub}
  0x0000020e00d688f8: d2e8 8209 

  0x0000020e00d688fc: ; ImmutableOopMap {[312]=Oop }
                      ;*new {reexecute=0 rethrow=0 return_oop=0}
                      ; - java.lang.StringConcatHelper::newArray@16 (line 509)
                      ; - java.lang.StringConcatHelper::newArrayWithSuffix@7 (line 489)
                      ; - java.lang.invoke.DirectMethodHandle$Holder::invokeStatic@13
                      ; - java.lang.invoke.LambdaForm$MH/0x0000020e12010c00::invoke@23
                      ; - java.lang.invoke.LambdaForm$MH/0x0000020e1277e000::invoke@33
                      ; - java.lang.invoke.Invokers$Holder::linkToTargetMethod@5
                      ; - ui.views.waveform.executive.a::mvk@104 (line 469)
  0x0000020e00d688fc: 8006 e924 | fbff ff48 

  0x0000020e00d68904: ;   {runtime_call fast_new_instance Runtime1 stub}
  0x0000020e00d68904: 8bd2 e875 

  0x0000020e00d68908: ; ImmutableOopMap {[312]=Oop }
                      ;*new {reexecute=0 rethrow=0 return_oop=0}
                      ; - java.lang.StringConcatHelper::checkOverflow@7 (line 68)
                      ; - java.lang.StringConcatHelper::mix@7 (line 112)
                      ; - java.lang.invoke.DirectMethodHandle$Holder::invokeStatic@13
                      ; - java.lang.invoke.LambdaForm$MH/0x0000020e1277dc00::invoke@23
                      ; - java.lang.invoke.LambdaForm$MH/0x0000020e1277e000::invoke@15
                      ; - java.lang.invoke.Invokers$Holder::linkToTargetMethod@5
                      ; - ui.views.waveform.executive.a::mvk@104 (line 469)
  0x0000020e00d68908: 0980 06e9 | b9fb ffff | 498b 8700 | 0500 0049 | c787 0005 | 0000 0000 | 0000 49c7 | 8708 0500 
  0x0000020e00d68928: 0000 0000 | 0048 81c4 | 8001 0000 

  0x0000020e00d68934: ;   {runtime_call unwind_exception Runtime1 stub}
  0x0000020e00d68934: 5de9 46f1 | 7f06 f4f4 | f4f4 f4f4 
[Stub Code]
  0x0000020e00d68940: ;   {no_reloc}
  0x0000020e00d68940: 0f1f 4400 

  0x0000020e00d68944: ;   {static_stub}
  0x0000020e00d68944: 0048 bb00 | 0000 0000 

  0x0000020e00d6894c: ;   {runtime_call}
  0x0000020e00d6894c: 0000 00e9 | fbff ffff 

  0x0000020e00d68954: ;   {static_stub}
  0x0000020e00d68954: 48bb 0000 | 0000 0000 

  0x0000020e00d6895c: ;   {runtime_call}
  0x0000020e00d6895c: 0000 e9fb 

  0x0000020e00d68960: ;   {static_stub}
  0x0000020e00d68960: ffff ff48 | bb00 0000 | 0000 0000 

  0x0000020e00d6896c: ;   {runtime_call}
  0x0000020e00d6896c: 00e9 fbff 

  0x0000020e00d68970: ;   {static_stub}
  0x0000020e00d68970: ffff 48bb | 8851 a255 | 0e02 0000 

  0x0000020e00d6897c: ;   {runtime_call I2C/C2I adapters}
  0x0000020e00d6897c: e9e2 aa73 

  0x0000020e00d68980: ;   {static_stub}
  0x0000020e00d68980: 0648 bb00 | 0000 0000 

  0x0000020e00d68988: ;   {runtime_call}
  0x0000020e00d68988: 0000 00e9 | fbff ffff 

  0x0000020e00d68990: ;   {static_stub}
  0x0000020e00d68990: 48bb 0000 | 0000 0000 

  0x0000020e00d68998: ;   {runtime_call}
  0x0000020e00d68998: 0000 e9fb 

  0x0000020e00d6899c: ;   {static_stub}
  0x0000020e00d6899c: ffff ff48 | bb00 0000 | 0000 0000 

  0x0000020e00d689a8: ;   {runtime_call}
  0x0000020e00d689a8: 00e9 fbff 

  0x0000020e00d689ac: ;   {static_stub}
  0x0000020e00d689ac: ffff 48bb | 0000 0000 | 0000 0000 

  0x0000020e00d689b8: ;   {runtime_call}
  0x0000020e00d689b8: e9fb ffff 

  0x0000020e00d689bc: ;   {static_stub}
  0x0000020e00d689bc: ff48 bb00 | 0000 0000 

  0x0000020e00d689c4: ;   {runtime_call}
  0x0000020e00d689c4: 0000 00e9 | fbff ffff 

  0x0000020e00d689cc: ;   {static_stub}
  0x0000020e00d689cc: 48bb 0000 | 0000 0000 

  0x0000020e00d689d4: ;   {runtime_call}
  0x0000020e00d689d4: 0000 e9fb 

  0x0000020e00d689d8: ;   {static_stub}
  0x0000020e00d689d8: ffff ff48 | bb00 0000 | 0000 0000 

  0x0000020e00d689e4: ;   {runtime_call}
  0x0000020e00d689e4: 00e9 fbff 

  0x0000020e00d689e8: ;   {static_stub}
  0x0000020e00d689e8: ffff 48bb | 0000 0000 | 0000 0000 

  0x0000020e00d689f4: ;   {runtime_call}
  0x0000020e00d689f4: e9fb ffff 

  0x0000020e00d689f8: ;   {static_stub}
  0x0000020e00d689f8: ff48 bb00 | 0000 0000 

  0x0000020e00d68a00: ;   {runtime_call}
  0x0000020e00d68a00: 0000 00e9 | fbff ffff 
[Exception Handler]
  0x0000020e00d68a08: ;   {runtime_call handle_exception_from_callee Runtime1 stub}
  0x0000020e00d68a08: e873 1d80 

  0x0000020e00d68a0c: ;   {external_word}
  0x0000020e00d68a0c: 0648 b950 | e088 13f8 | 7f00 0048 

  0x0000020e00d68a18: ;   {runtime_call}
  0x0000020e00d68a18: 83e4 f048 | b850 ef4b | 13f8 7f00 | 00ff d0f4 
[Deopt Handler Code]
  0x0000020e00d68a28: ;   {section_word}
  0x0000020e00d68a28: 49ba 288a | d600 0e02 | 0000 4152 

  0x0000020e00d68a34: ;   {runtime_call DeoptimizationBlob}
  0x0000020e00d68a34: e967 bf73 

  0x0000020e00d68a38: ;   {section_word}
  0x0000020e00d68a38: 0649 ba39 | 8ad6 000e | 0200 0041 

  0x0000020e00d68a44: ;   {runtime_call DeoptimizationBlob}
  0x0000020e00d68a44: 52e9 56bf | 7306 f4f4 | f4f4 f4f4 
[/MachCode]


Compiled method (c1) 5374909 29451       3       ui.views.waveform.c.a::muE (144 bytes)
 total in heap  [0x0000020e017d3990,0x0000020e017d6908] = 12152
 relocation     [0x0000020e017d3af0,0x0000020e017d3e10] = 800
 main code      [0x0000020e017d3e20,0x0000020e017d5c80] = 7776
 stub code      [0x0000020e017d5c80,0x0000020e017d5dc0] = 320
 oops           [0x0000020e017d5dc0,0x0000020e017d5e40] = 128
 metadata       [0x0000020e017d5e40,0x0000020e017d5f30] = 240
 scopes data    [0x0000020e017d5f30,0x0000020e017d64a0] = 1392
 scopes pcs     [0x0000020e017d64a0,0x0000020e017d68a0] = 1024
 dependencies   [0x0000020e017d68a0,0x0000020e017d68b8] = 24
 nul chk table  [0x0000020e017d68b8,0x0000020e017d6908] = 80

[Constant Pool (empty)]

[MachCode]
[Entry Point]
  # {method} {0x0000020e94a7ce98} 'muE' '()V' in 'ui/views/waveform/c/a'
  #           [sp+0x1a0]  (sp of caller)
  0x0000020e017d3e20: 448b 5208 | 49bb 0000 | 0011 0e02 | 0000 4d03 | d34c 3bd0 

  0x0000020e017d3e34: ;   {runtime_call ic_miss_stub}
  0x0000020e017d3e34: 0f85 46a9 | cc05 660f | 1f44 0000 
[Verified Entry Point]
  0x0000020e017d3e40: 8984 2400 | 80ff ff55 | 4881 ec90 | 0100 0090 | 4181 7f20 | fb01 0000 

  0x0000020e017d3e58: ;   {runtime_call StubRoutines (final stubs)}
  0x0000020e017d3e58: 7405 e801 | 0fcb 0548 | 8994 2430 

  0x0000020e017d3e64: ;   {metadata(method data for {method} {0x0000020e94a7ce98} 'muE' '()V' in 'ui/views/waveform/c/a')}
  0x0000020e017d3e64: 0100 0048 | be48 a913 | 950e 0200 | 008b becc | 0000 0083 | c702 89be | cc00 0000 | 81e7 fe07 
  0x0000020e017d3e84: 0000 83ff | 000f 842a | 1800 008b | b200 0200 | 0048 c1e6 | 038b b6fc | 0100 0048 | c1e6 0348 
  0x0000020e017d3ea4: 3b06 488b 

  0x0000020e017d3ea8: ;   {metadata(method data for {method} {0x0000020e94a7ce98} 'muE' '()V' in 'ui/views/waveform/c/a')}
  0x0000020e017d3ea8: fe48 bb48 | a913 950e | 0200 0048 | 8383 1001 | 0000 0148 

  0x0000020e017d3ebc: ;   {optimized virtual_call}
  0x0000020e017d3ebc: 8bd6 90e8 

  0x0000020e017d3ec0: ; ImmutableOopMap {[304]=Oop }
                      ;*invokevirtual mvk {reexecute=0 rethrow=0 return_oop=0}
                      ; - ui.views.waveform.c.a::muE@7 (line 465)
  0x0000020e017d3ec0: 9c31 59ff 

  0x0000020e017d3ec4: ;   {other}
  0x0000020e017d3ec4: 0f1f 8400 | 3405 0000 | 4889 8424 | 3801 0000 | 4883 f800 

  0x0000020e017d3ed8: ;   {metadata(method data for {method} {0x0000020e94a7ce98} 'muE' '()V' in 'ui/views/waveform/c/a')}
  0x0000020e017d3ed8: 48be 48a9 | 1395 0e02 | 0000 48bf | 5801 0000 | 0000 0000 | 0f84 0a00 | 0000 48bf | 4801 0000 
  0x0000020e017d3ef8: 0000 0000 | 488b 1c3e | 488d 5b01 | 4889 1c3e | 0f84 5416 

  0x0000020e017d3f0c: ;   {metadata(method data for {method} {0x0000020e94a7ce98} 'muE' '()V' in 'ui/views/waveform/c/a')}
  0x0000020e017d3f0c: 0000 48be | 48a9 1395 | 0e02 0000 | 4883 8668 | 0100 0001 

  0x0000020e017d3f20: ;   {metadata(method data for {method} {0x0000020e52691730} 'gjA' '()J' in 'ui/utils/s/d')}
  0x0000020e017d3f20: 48be d0cc | f054 0e02 | 0000 8bbe | cc00 0000 | 83c7 0289 | becc 0000 | 0081 e7fe | ff1f 0083 
  0x0000020e017d3f40: ff00 0f84 | 9c17 0000 

  0x0000020e017d3f48: ;   {metadata(method data for {method} {0x0000020e52691730} 'gjA' '()J' in 'ui/utils/s/d')}
  0x0000020e017d3f48: 48be d0cc | f054 0e02 | 0000 4883 | 8610 0100 

  0x0000020e017d3f58: ;   {runtime_call}
  0x0000020e017d3f58: 0001 48b8 | 4023 5613 | f87f 0000 

  0x0000020e017d3f64: ;   {other}
  0x0000020e017d3f64: ffd0 0f1f | 8400 0000 | 0000 4889 | 8424 5001 

  0x0000020e017d3f74: ;   {metadata('java/util/ArrayList')}
  0x0000020e017d3f74: 0000 48ba | 48ad 0b11 | 0e02 0000 | 498b 87b8 | 0100 0048 | 8d78 1849 | 3bbf c801 | 0000 0f87 
  0x0000020e017d3f94: 6d17 0000 | 4989 bfb8 | 0100 0048 | c700 0100 | 0000 488b | ca49 ba00 | 0000 110e | 0200 0049 
  0x0000020e017d3fb4: 2bca 8948 | 0848 33c9 | 8948 0c48 | 33c9 4889 | 4810 488b 

  0x0000020e017d3fc8: ;   {metadata(method data for {method} {0x0000020e94a7ce98} 'muE' '()V' in 'ui/views/waveform/c/a')}
  0x0000020e017d3fc8: d048 be48 | a913 950e | 0200 0048 | 8386 7801 

  0x0000020e017d3fd8: ;   {metadata(method data for {method} {0x0000020e110bd390} '<init>' '()V' in 'java/util/ArrayList')}
  0x0000020e017d3fd8: 0000 0148 | ba98 9336 | 520e 0200 | 008b b2cc | 0000 0083 | c602 89b2 | cc00 0000 | 81e6 feff 
  0x0000020e017d3ff8: 1f00 83fe | 000f 840f | 1700 0048 

  0x0000020e017d4004: ;   {metadata(method data for {method} {0x0000020e110bd390} '<init>' '()V' in 'java/util/ArrayList')}
  0x0000020e017d4004: 8bd0 48be | 9893 3652 | 0e02 0000 | 4883 8610 | 0100 0001 

  0x0000020e017d4018: ;   {metadata(method data for {method} {0x0000020e1105b948} '<init>' '()V' in 'java/util/AbstractList')}
  0x0000020e017d4018: 48ba 4897 | 1352 0e02 | 0000 8bb2 | cc00 0000 | 83c6 0289 | b2cc 0000 | 0081 e6fe | ff1f 0083 
  0x0000020e017d4038: fe00 0f84 | f316 0000 

  0x0000020e017d4040: ;   {metadata(method data for {method} {0x0000020e1105b948} '<init>' '()V' in 'java/util/AbstractList')}
  0x0000020e017d4040: 488b d048 | be48 9713 | 520e 0200 | 0048 8386 | 1001 0000 

  0x0000020e017d4054: ;   {metadata(method data for {method} {0x0000020e1105acf8} '<init>' '()V' in 'java/util/AbstractCollection')}
  0x0000020e017d4054: 0148 ba08 | 3901 520e | 0200 008b | b2cc 0000 | 0083 c602 | 89b2 cc00 | 0000 81e6 | feff 1f00 
  0x0000020e017d4074: 83fe 000f | 84d7 1600 | 0048 8bd0 

  0x0000020e017d4080: ;   {metadata(method data for {method} {0x0000020e1105acf8} '<init>' '()V' in 'java/util/AbstractCollection')}
  0x0000020e017d4080: 48be 0839 | 0152 0e02 | 0000 4883 | 8610 0100 

  0x0000020e017d4090: ;   {metadata(method data for {method} {0x0000020e11479fd0} '<init>' '()V' in 'java/lang/Object')}
  0x0000020e017d4090: 0001 48ba | 5075 0052 | 0e02 0000 | 8bb2 cc00 | 0000 83c6 | 0289 b2cc | 0000 0081 | e6fe ff1f 
  0x0000020e017d40b0: 0083 fe00 | 0f84 bb16 | 0000 410f | be57 4083 | fa00 0f85 | ce16 0000 

  0x0000020e017d40c8: ;   {oop(a 'java/lang/Object'[0] {0x00000007022754f8})}
  0x0000020e017d40c8: 49ba f854 | 2702 0700 | 0000 49c1 | ea03 4489 

  0x0000020e017d40d8: ;   {oop(a 'java/lang/Object'[0] {0x00000007022754f8})}
  0x0000020e017d40d8: 5014 48ba | f854 2702 | 0700 0000 | 488b f048 | 33f2 48c1 | ee15 4883 | fe00 0f85 | bd16 0000 
  0x0000020e017d40f8: 488b 9424 | 3001 0000 | 8bb2 0402 | 0000 48c1 | e603 4883 

  0x0000020e017d410c: ;   {metadata(method data for {method} {0x0000020e94a7ce98} 'muE' '()V' in 'ui/views/waveform/c/a')}
  0x0000020e017d410c: fe00 48bf | 48a9 1395 | 0e02 0000 | 48b9 8801 | 0000 0000 | 0000 0f85 | 0a00 0000 | 48b9 9801 
  0x0000020e017d412c: 0000 0000 | 0000 4c8b | 040f 4d8d | 4001 4c89 | 040f 0f85 | 6604 0000 | 4889 8424 | 4801 0000 
  0x0000020e017d414c: ;   {metadata('ui/data/r/a')}
  0x0000020e017d414c: 4c8b da48 | ba08 45d5 | 120e 0200 | 0049 8b87 | b801 0000 | 488d b880 | 0000 0049 | 3bbf c801 
  0x0000020e017d416c: 0000 0f87 | 5916 0000 | 4989 bfb8 | 0100 0048 | c700 0100 | 0000 488b | ca49 ba00 | 0000 110e 
  0x0000020e017d418c: 0200 0049 | 2bca 8948 | 0848 33c9 | 8948 0c48 | 33c9 48bf | 0e00 0000 | 0000 0000 | 4889 4cf8 
  0x0000020e017d41ac: 0848 ffcf | 75f6 458b | 8300 0200 | 0049 c1e0 | 0349 3b00 

  0x0000020e017d41c0: ;   {metadata(method data for {method} {0x0000020e94a7ce98} 'muE' '()V' in 'ui/views/waveform/c/a')}
  0x0000020e017d41c0: 4d8b c848 | ba48 a913 | 950e 0200 

  0x0000020e017d41cc: ;   {metadata('ui/views/waveform/t')}
  0x0000020e017d41cc: 0049 baf0 | c372 120e | 0200 004c | 8992 b801 | 0000 4883 | 82c0 0100 

  0x0000020e017d41e4: ;   {metadata(method data for {method} {0x0000020e54e98370} 'mti' '()Lui/views/waveform/c/a;' in 'ui/views/waveform/t')}
  0x0000020e017d41e4: 0001 49b9 | 40a6 1495 | 0e02 0000 | 418b 91cc | 0000 0083 | c202 4189 | 91cc 0000 | 0081 e2fe 
  0x0000020e017d4204: ff1f 0083 | fa00 0f84 | cf15 0000 | 458b 80f4 | 0100 0049 | c1e0 0349 

  0x0000020e017d421c: ;   {metadata(method data for {method} {0x0000020e54e98370} 'mti' '()Lui/views/waveform/c/a;' in 'ui/views/waveform/t')}
  0x0000020e017d421c: 83f8 0049 | b940 a614 | 950e 0200 | 0048 ba10 | 0100 0000 | 0000 000f | 850a 0000 | 0048 ba20 
  0x0000020e017d423c: 0100 0000 | 0000 0049 | 8b34 1148 | 8d76 0149 | 8934 110f | 8520 0000 

  0x0000020e017d4254: ;   {metadata(method data for {method} {0x0000020e54e98370} 'mti' '()Lui/views/waveform/c/a;' in 'ui/views/waveform/t')}
  0x0000020e017d4254: 0049 b840 | a614 950e | 0200 0041 | ff80 3001 

  0x0000020e017d4264: ;   {oop(nullptr)}
  0x0000020e017d4264: 0000 49b9 | 0000 0000 | 0000 0000 | e90e 0000 | 0045 8b80 | 7c01 0000 | 49c1 e003 | 4d8b c84c 
  0x0000020e017d4284: ;   {metadata(method data for {method} {0x0000020e94a7ce98} 'muE' '()V' in 'ui/views/waveform/c/a')}
  0x0000020e017d4284: 8bc0 48b9 | 48a9 1395 | 0e02 0000 | 4883 81e0 | 0100 0001 

  0x0000020e017d4298: ;   {oop(""{0x00000007022721f8})}
  0x0000020e017d4298: 49b8 f821 | 2702 0700 | 0000 488b | d048 8984 | 2440 0100 

  0x0000020e017d42ac: ;   {optimized virtual_call}
  0x0000020e017d42ac: 0066 90e8 

  0x0000020e017d42b0: ; ImmutableOopMap {[304]=Oop [312]=Oop [320]=Oop [328]=Oop }
                      ;*invokespecial <init> {reexecute=0 rethrow=0 return_oop=0}
                      ; - ui.views.waveform.c.a::muE@50 (line 474)
  0x0000020e017d42b0: 881a 0000 

  0x0000020e017d42b4: ;   {other}
  0x0000020e017d42b4: 0f1f 8400 | 2409 0001 | 450f be47 | 4041 83f8 | 0048 8b94 | 2430 0100 | 000f 8532 | 1500 0048 
  0x0000020e017d42d4: 8b84 2440 | 0100 004c | 8bd0 49c1 | ea03 4489 | 9204 0200 | 004c 8bc2 | 4c33 c049 | c1e8 1549 
  0x0000020e017d42f4: 83f8 000f | 852b 1500 | 0045 0fbe | 4740 4183 | f800 0f85 | 3415 0000 | 488b bc24 | 4801 0000 
  0x0000020e017d4314: 4c8b d749 | c1ea 0344 | 8950 284c | 8bc0 4c33 | c749 c1e8 | 1549 83f8 | 000f 852d | 1500 0045 
  0x0000020e017d4334: 0fbe 4740 | 4183 f800 | 0f85 3615 | 0000 c740 | 4400 0000 | 0045 0fbe | 4740 4183 | f800 0f85 
  0x0000020e017d4354: 4015 0000 | c740 3000 | 0000 004c 

  0x0000020e017d4360: ;   {metadata(method data for {method} {0x0000020e94a7ce98} 'muE' '()V' in 'ui/views/waveform/c/a')}
  0x0000020e017d4360: 8bc0 48be | 48a9 1395 | 0e02 0000 | 4883 86f0 | 0100 0001 

  0x0000020e017d4374: ;   {metadata(method data for {method} {0x0000020e94d80468} 'ch' '(Ljava/io/InputStream;)Z' in 'ui/data/r/a')}
  0x0000020e017d4374: 49b8 58a9 | 1495 0e02 | 0000 418b | b0cc 0000 | 0083 c602 | 4189 b0cc | 0000 0081 | e6fe ff1f 
  0x0000020e017d4394: 0083 fe00 | 0f84 1a15 | 0000 488b | 9c24 3801 | 0000 4883 

  0x0000020e017d43a8: ;   {metadata(method data for {method} {0x0000020e94d80468} 'ch' '(Ljava/io/InputStream;)Z' in 'ui/data/r/a')}
  0x0000020e017d43a8: fb00 49b8 | 58a9 1495 | 0e02 0000 | 48be 1001 | 0000 0000 | 0000 0f85 | 0a00 0000 | 48be 2001 
  0x0000020e017d43c8: 0000 0000 | 0000 498b | 3c30 488d | 7f01 4989 | 3c30 0f85 | 0a00 0000 | be00 0000 | 00e9 3700 
  0x0000020e017d43e8: 0000 4c8b 

  0x0000020e017d43ec: ;   {metadata(method data for {method} {0x0000020e94d80468} 'ch' '(Ljava/io/InputStream;)Z' in 'ui/data/r/a')}
  0x0000020e017d43ec: c048 be58 | a914 950e | 0200 0048 | 8386 3001 | 0000 014c | 8bc3 488b 

  0x0000020e017d4404: ;   {optimized virtual_call}
  0x0000020e017d4404: d066 90e8 

  0x0000020e017d4408: ; ImmutableOopMap {[304]=Oop }
                      ;*invokevirtual cj {reexecute=0 rethrow=0 return_oop=0}
                      ; - ui.data.r.a::ch@8 (line 296)
                      ; - ui.views.waveform.c.a::muE@86 (line 481)
  0x0000020e017d4408: 3f19 0000 

  0x0000020e017d440c: ;   {other}
  0x0000020e017d440c: 0f1f 8400 | 7c0a 0002 | be01 0000 | 0048 8b94 | 2430 0100 | 008b b200 | 0200 0048 | c1e6 0348 
  0x0000020e017d442c: 3b06 488b 

  0x0000020e017d4430: ;   {metadata(method data for {method} {0x0000020e94a7ce98} 'muE' '()V' in 'ui/views/waveform/c/a')}
  0x0000020e017d4430: fe48 bb48 | a913 950e 

  0x0000020e017d4438: ;   {metadata('ui/views/waveform/t')}
  0x0000020e017d4438: 0200 0049 | baf0 c372 | 120e 0200 | 004c 8993 | 3802 0000 | 4883 8340 | 0200 0001 

  0x0000020e017d4454: ;   {metadata(method data for {method} {0x0000020e54e98370} 'mti' '()Lui/views/waveform/c/a;' in 'ui/views/waveform/t')}
  0x0000020e017d4454: 48bf 40a6 | 1495 0e02 | 0000 8b9f | cc00 0000 | 83c3 0289 | 9fcc 0000 | 0081 e3fe | ff1f 0083 
  0x0000020e017d4474: fb00 0f84 | 6214 0000 | 8bb6 f401 | 0000 48c1 | e603 4883 

  0x0000020e017d4488: ;   {metadata(method data for {method} {0x0000020e54e98370} 'mti' '()Lui/views/waveform/c/a;' in 'ui/views/waveform/t')}
  0x0000020e017d4488: fe00 48bf | 40a6 1495 | 0e02 0000 | 48bb 1001 | 0000 0000 | 0000 0f85 | 0a00 0000 | 48bb 2001 
  0x0000020e017d44a8: 0000 0000 | 0000 488b | 041f 488d | 4001 4889 | 041f 0f85 | 1f00 0000 

  0x0000020e017d44c0: ;   {metadata(method data for {method} {0x0000020e54e98370} 'mti' '()Lui/views/waveform/c/a;' in 'ui/views/waveform/t')}
  0x0000020e017d44c0: 48be 40a6 | 1495 0e02 | 0000 ff86 | 3001 0000 

  0x0000020e017d44d0: ;   {oop(nullptr)}
  0x0000020e017d44d0: 48be 0000 | 0000 0000 | 0000 e90a | 0000 008b | b67c 0100 | 0048 c1e6 | 0348 3b06 

  0x0000020e017d44ec: ;   {metadata(method data for {method} {0x0000020e94a7ce98} 'muE' '()V' in 'ui/views/waveform/c/a')}
  0x0000020e017d44ec: 488b fe48 | bb48 a913 | 950e 0200 | 008b 7f08 | 49ba 0000 | 0011 0e02 | 0000 4903 | fa48 3bbb 
  0x0000020e017d450c: 7002 0000 | 750d 4883 | 8378 0200 | 0001 e960 | 0000 0048 | 3bbb 8002 | 0000 750d | 4883 8388 
  0x0000020e017d452c: 0200 0001 | e94a 0000 | 0048 83bb | 7002 0000 | 0075 1748 | 89bb 7002 | 0000 48c7 | 8378 0200 
  0x0000020e017d454c: 0001 0000 | 00e9 2900 | 0000 4883 | bb80 0200 | 0000 7517 | 4889 bb80 | 0200 0048 | c783 8802 
  0x0000020e017d456c: 0000 0100 | 0000 e908 | 0000 0048 | 8383 6002 | 0000 0148 | 8bd6 0f1f 

  0x0000020e017d4584: ;   {optimized virtual_call}
  0x0000020e017d4584: 4400 00e8 

  0x0000020e017d4588: ; ImmutableOopMap {[304]=Oop }
                      ;*invokevirtual revalidate {reexecute=0 rethrow=0 return_oop=0}
                      ; - ui.views.waveform.c.a::muE@97 (line 482)
  0x0000020e017d4588: d4c5 fd06 

  0x0000020e017d458c: ;   {other}
  0x0000020e017d458c: 0f1f 8400 | fc0b 0003 

  0x0000020e017d4594: ;   {metadata(method data for {method} {0x0000020e94a7ce98} 'muE' '()V' in 'ui/views/waveform/c/a')}
  0x0000020e017d4594: 49b8 48a9 | 1395 0e02 | 0000 41ff | 8098 0200 | 00e9 6200 | 0000 488b | f848 8b9c | 2438 0100 
  0x0000020e017d45b4: 0045 0fbe | 4740 4183 | f800 0f85 | 4513 0000 | 4c8b d749 | c1ea 0344 | 8956 284c | 8bc6 4c33 
  0x0000020e017d45d4: c749 c1e8 | 1549 83f8 | 000f 854b | 1300 004c 

  0x0000020e017d45e4: ;   {metadata(method data for {method} {0x0000020e94a7ce98} 'muE' '()V' in 'ui/views/waveform/c/a')}
  0x0000020e017d45e4: 8bc6 48ba | 48a9 1395 | 0e02 0000 | 4883 82b0 | 0200 0001 | 4c8b c348 

  0x0000020e017d45fc: ;   {optimized virtual_call}
  0x0000020e017d45fc: 8bd6 90e8 

  0x0000020e017d4600: ; ImmutableOopMap {[304]=Oop }
                      ;*invokevirtual ci {reexecute=0 rethrow=0 return_oop=0}
                      ; - ui.views.waveform.c.a::muE@117 (line 486)
  0x0000020e017d4600: 3cd4 b3ff 

  0x0000020e017d4604: ;   {other}
  0x0000020e017d4604: 0f1f 8400 | 740c 0004 | 488b 9424 | 3001 0000 

  0x0000020e017d4614: ;   {metadata(method data for {method} {0x0000020e94a7ce98} 'muE' '()V' in 'ui/views/waveform/c/a')}
  0x0000020e017d4614: 4c8b c248 | be48 a913 | 950e 0200 | 0048 8386 | e802 0000 | 0141 b800 | 0000 0048 | 8bf2 488b 
  0x0000020e017d4634: ;   {optimized virtual_call}
  0x0000020e017d4634: d666 90e8 

  0x0000020e017d4638: ; ImmutableOopMap {[304]=Oop }
                      ;*invokespecial zU {reexecute=0 rethrow=0 return_oop=0}
                      ; - ui.views.waveform.c.a::muE@123 (line 489)
  0x0000020e017d4638: a4e3 82fe 

  0x0000020e017d463c: ;   {other}
  0x0000020e017d463c: 0f1f 8400 | ac0c 0005 | 488b 9424 | 3001 0000 

  0x0000020e017d464c: ;   {metadata(method data for {method} {0x0000020e94a7ce98} 'muE' '()V' in 'ui/views/waveform/c/a')}
  0x0000020e017d464c: 48be 48a9 | 1395 0e02 | 0000 8b52 | 0849 ba00 | 0000 110e | 0200 0049 | 03d2 483b | 9608 0300 
  0x0000020e017d466c: 0075 0d48 | 8386 1003 | 0000 01e9 | 6000 0000 | 483b 9618 | 0300 0075 | 0d48 8386 | 2003 0000 
  0x0000020e017d468c: 01e9 4a00 | 0000 4883 | be08 0300 | 0000 7517 | 4889 9608 | 0300 0048 | c786 1003 | 0000 0100 
  0x0000020e017d46ac: 0000 e929 | 0000 0048 | 83be 1803 | 0000 0075 | 1748 8996 | 1803 0000 | 48c7 8620 | 0300 0001 
  0x0000020e017d46cc: 0000 00e9 | 0800 0000 | 4883 86f8 | 0200 0001 

  0x0000020e017d46dc: ;   {metadata(method data for {method} {0x0000020e52fd9be8} 'iOO' '()V' in 'ui/frmwork/b/b')}
  0x0000020e017d46dc: 48ba 80ae | 1495 0e02 | 0000 8bb2 | cc00 0000 | 83c6 0289 | b2cc 0000 | 0081 e6fe | ff1f 0083 
  0x0000020e017d46fc: fe00 0f84 | 4212 0000 | 488b 9424 | 3001 0000 

  0x0000020e017d470c: ;   {metadata(method data for {method} {0x0000020e52fd9be8} 'iOO' '()V' in 'ui/frmwork/b/b')}
  0x0000020e017d470c: 48be 80ae | 1495 0e02 | 0000 8b52 | 0849 ba00 | 0000 110e | 0200 0049 | 03d2 483b | 9620 0100 
  0x0000020e017d472c: 0075 0d48 | 8386 2801 | 0000 01e9 | 6000 0000 | 483b 9630 | 0100 0075 | 0d48 8386 | 3801 0000 
  0x0000020e017d474c: 01e9 4a00 | 0000 4883 | be20 0100 | 0000 7517 | 4889 9620 | 0100 0048 | c786 2801 | 0000 0100 
  0x0000020e017d476c: 0000 e929 | 0000 0048 | 83be 3001 | 0000 0075 | 1748 8996 | 3001 0000 | 48c7 8638 | 0100 0001 
  0x0000020e017d478c: 0000 00e9 | 0800 0000 | 4883 8610 | 0100 0001 | 488b 9424 | 3001 0000 

  0x0000020e017d47a4: ;   {optimized virtual_call}
  0x0000020e017d47a4: 6666 90e8 

  0x0000020e017d47a8: ; ImmutableOopMap {[304]=Oop }
                      ;*invokevirtual ifc {reexecute=0 rethrow=0 return_oop=0}
                      ; - ui.frmwork.b.b::iOO@2 (line 1202)
                      ; - ui.views.waveform.c.a::muE@127 (line 490)
  0x0000020e017d47a8: 94d1 4206 

  0x0000020e017d47ac: ;   {other}
  0x0000020e017d47ac: 0f1f 8400 | 1c0e 0006 | 488b 9424 | 3001 0000 

  0x0000020e017d47bc: ;   {metadata(method data for {method} {0x0000020e52fd9be8} 'iOO' '()V' in 'ui/frmwork/b/b')}
  0x0000020e017d47bc: 49b8 80ae | 1495 0e02 | 0000 4983 | 8048 0100 | 0001 4c8b | c048 8b94 | 2430 0100 | 0066 0f1f 
  0x0000020e017d47dc: ;   {optimized virtual_call}
  0x0000020e017d47dc: 4400 00e8 

  0x0000020e017d47e0: ; ImmutableOopMap {[304]=Oop }
                      ;*invokevirtual J {reexecute=0 rethrow=0 return_oop=0}
                      ; - ui.frmwork.b.b::iOO@5 (line 1202)
                      ; - ui.views.waveform.c.a::muE@127 (line 490)
  0x0000020e017d47e0: bc81 d7fe 

  0x0000020e017d47e4: ;   {other}
  0x0000020e017d47e4: 0f1f 8400 | 540e 0007 | 488b 9424 | 3001 0000 

  0x0000020e017d47f4: ;   {metadata(method data for {method} {0x0000020e52fd9be8} 'iOO' '()V' in 'ui/frmwork/b/b')}
  0x0000020e017d47f4: 48be 80ae | 1495 0e02 | 0000 4883 | 8680 0100 | 0001 488b | 9424 3001 

  0x0000020e017d480c: ;   {optimized virtual_call}
  0x0000020e017d480c: 0000 90e8 

  0x0000020e017d4810: ; ImmutableOopMap {}
                      ;*invokespecial repaint {reexecute=0 rethrow=0 return_oop=0}
                      ; - ui.frmwork.b.b::iOO@10 (line 1203)
                      ; - ui.views.waveform.c.a::muE@127 (line 490)
  0x0000020e017d4810: ac65 7006 

  0x0000020e017d4814: ;   {other}
  0x0000020e017d4814: 0f1f 8400 | 840e 0008 

  0x0000020e017d481c: ;   {metadata(method data for {method} {0x0000020e94a7ce98} 'muE' '()V' in 'ui/views/waveform/c/a')}
  0x0000020e017d481c: 48be 48a9 | 1395 0e02 | 0000 4883 | 8630 0300 

  0x0000020e017d482c: ;   {metadata(method data for {method} {0x0000020e52691730} 'gjA' '()J' in 'ui/utils/s/d')}
  0x0000020e017d482c: 0001 48be | d0cc f054 | 0e02 0000 | 8bbe cc00 | 0000 83c7 | 0289 becc | 0000 0081 | e7fe ff1f 
  0x0000020e017d484c: 0083 ff00 | 0f84 1111 

  0x0000020e017d4854: ;   {metadata(method data for {method} {0x0000020e52691730} 'gjA' '()J' in 'ui/utils/s/d')}
  0x0000020e017d4854: 0000 48be | d0cc f054 | 0e02 0000 | 4883 8610 | 0100 0001 

  0x0000020e017d4868: ;   {runtime_call}
  0x0000020e017d4868: 48b8 4023 | 5613 f87f | 0000 ffd0 

  0x0000020e017d4874: ;   {other}
  0x0000020e017d4874: 0f1f 8400 | 0000 0000 | 488b 9424 | 5001 0000 | 482b c248 | 8984 2458 

  0x0000020e017d488c: ;   {metadata(method data for {method} {0x0000020e110aff60} 'linkToTargetMethod' '(JLjava/lang/Object;)Ljava/lang/Object;' in 'java/lang/invoke/Invokers$Holder')}
  0x0000020e017d488c: 0100 0048 | baf0 5f18 | 550e 0200 | 0048 8d92 | f801 0000 

  0x0000020e017d48a0: ;   {oop(a 'java/lang/invoke/BoundMethodHandle$Species_LLLL'{0x0000000706a6dae8})}
  0x0000020e017d48a0: 48be e8da | a606 0700 | 0000 488b | fe48 85ff | 7504 4883 

  0x0000020e017d48b4: ;   {metadata(method data for {method} {0x0000020e94a7ce98} 'muE' '()V' in 'ui/views/waveform/c/a')}
  0x0000020e017d48b4: 0a01 48ba | 48a9 1395 | 0e02 0000 | 4883 8240 | 0300 0001 

  0x0000020e017d48c8: ;   {metadata(method data for {method} {0x0000020e110aff60} 'linkToTargetMethod' '(JLjava/lang/Object;)Ljava/lang/Object;' in 'java/lang/invoke/Invokers$Holder')}
  0x0000020e017d48c8: 48ba f05f | 1855 0e02 | 0000 8bba | cc00 0000 | 83c7 0289 | bacc 0000 | 0081 e7fe | ff1f 0083 
  0x0000020e017d48e8: ff00 0f84 | 9810 0000 

  0x0000020e017d48f0: ;   {metadata(method data for {method} {0x0000020e55022b48} 'invoke' '(Ljava/lang/Object;J)Ljava/lang/Object;' in 'java/lang/invoke/LambdaForm$MH+0x0000020e1277e000')}
  0x0000020e017d48f0: 48ba 0030 | 0255 0e02 | 0000 488d | 92b8 0300 | 0048 85f6 | 7504 4883 

  0x0000020e017d4908: ;   {metadata(method data for {method} {0x0000020e110aff60} 'linkToTargetMethod' '(JLjava/lang/Object;)Ljava/lang/Object;' in 'java/lang/invoke/Invokers$Holder')}
  0x0000020e017d4908: 0a01 48ba | f05f 1855 | 0e02 0000 | 4883 8248 | 0100 0001 

  0x0000020e017d491c: ;   {metadata(method data for {method} {0x0000020e55022b48} 'invoke' '(Ljava/lang/Object;J)Ljava/lang/Object;' in 'java/lang/invoke/LambdaForm$MH+0x0000020e1277e000')}
  0x0000020e017d491c: 48ba 0030 | 0255 0e02 | 0000 8bb2 | cc00 0000 | 83c6 0289 | b2cc 0000 | 0081 e6fe | ff1f 0083 
  0x0000020e017d493c: fe00 0f84 | 6510 0000 

  0x0000020e017d4944: ;   {metadata(method data for {method} {0x0000020e550222a0} 'invoke' '(Ljava/lang/Object;J)J' in 'java/lang/invoke/LambdaForm$MH+0x0000020e1277dc00')}
  0x0000020e017d4944: 48ba 0025 | 0255 0e02 | 0000 488d | 9220 0200 

  0x0000020e017d4954: ;   {oop(a 'java/lang/invoke/BoundMethodHandle$Species_LJ'{0x0000000706a6dbd8})}
  0x0000020e017d4954: 0048 bed8 | dba6 0607 | 0000 0048 | 85f6 7504 | 4883 0a01 

  0x0000020e017d4968: ;   {metadata(method data for {method} {0x0000020e55022b48} 'invoke' '(Ljava/lang/Object;J)Ljava/lang/Object;' in 'java/lang/invoke/LambdaForm$MH+0x0000020e1277e000')}
  0x0000020e017d4968: 48ba 0030 | 0255 0e02 | 0000 4883 | 8280 0100 

  0x0000020e017d4978: ;   {metadata(method data for {method} {0x0000020e550222a0} 'invoke' '(Ljava/lang/Object;J)J' in 'java/lang/invoke/LambdaForm$MH+0x0000020e1277dc00')}
  0x0000020e017d4978: 0001 48ba | 0025 0255 | 0e02 0000 | 8bb2 cc00 | 0000 83c6 | 0289 b2cc | 0000 0081 | e6fe ff1f 
  0x0000020e017d4998: 0083 fe00 | 0f84 2810 

  0x0000020e017d49a0: ;   {metadata(method data for {method} {0x0000020e110b4ff0} 'invokeStatic' '(Ljava/lang/Object;JJ)J' in 'java/lang/invoke/DirectMethodHandle$Holder')}
  0x0000020e017d49a0: 0000 48ba | f061 1855 | 0e02 0000 | 488d 9218 

  0x0000020e017d49b0: ;   {oop(a 'java/lang/invoke/DirectMethodHandle'{0x0000000703d28910})}
  0x0000020e017d49b0: 0200 0048 | be10 89d2 | 0307 0000 | 0048 8bfe | 4885 ff75 | 0448 830a 

  0x0000020e017d49c8: ;   {metadata(method data for {method} {0x0000020e550222a0} 'invoke' '(Ljava/lang/Object;J)J' in 'java/lang/invoke/LambdaForm$MH+0x0000020e1277dc00')}
  0x0000020e017d49c8: 0148 ba00 | 2502 550e | 0200 0048 | 8382 8001 

  0x0000020e017d49d8: ;   {metadata(method data for {method} {0x0000020e110b4ff0} 'invokeStatic' '(Ljava/lang/Object;JJ)J' in 'java/lang/invoke/DirectMethodHandle$Holder')}
  0x0000020e017d49d8: 0000 0148 | baf0 6118 | 550e 0200 | 008b bacc | 0000 0083 | c702 89ba | cc00 0000 | 81e7 feff 
  0x0000020e017d49f8: 1f00 83ff | 000f 84e8 

  0x0000020e017d4a00: ;   {metadata(method data for {method} {0x0000020e110b4ff0} 'invokeStatic' '(Ljava/lang/Object;JJ)J' in 'java/lang/invoke/DirectMethodHandle$Holder')}
  0x0000020e017d4a00: 0f00 0048 | baf0 6118 | 550e 0200 | 0048 8d92 | 2001 0000 | 4885 f675 | 0548 834a 

  0x0000020e017d4a1c: ;   {metadata(method data for {method} {0x0000020e110b4ff0} 'invokeStatic' '(Ljava/lang/Object;JJ)J' in 'java/lang/invoke/DirectMethodHandle$Holder')}
  0x0000020e017d4a1c: 0801 48ba | f061 1855 | 0e02 0000 | 4883 8210 | 0100 0001 

  0x0000020e017d4a30: ;   {metadata(method data for {method} {0x0000020e110a3038} 'internalMemberName' '(Ljava/lang/Object;)Ljava/lang/Object;' in 'java/lang/invoke/DirectMethodHandle')}
  0x0000020e017d4a30: 48ba 38a4 | 2452 0e02 | 0000 8bb2 | cc00 0000 | 83c6 0289 | b2cc 0000 | 0081 e6fe | ff1f 0083 
  0x0000020e017d4a50: fe00 0f84 | b40f 0000 

  0x0000020e017d4a58: ;   {metadata(method data for {method} {0x0000020e110b4ff0} 'invokeStatic' '(Ljava/lang/Object;JJ)J' in 'java/lang/invoke/DirectMethodHandle$Holder')}
  0x0000020e017d4a58: 48ba f061 | 1855 0e02 | 0000 488d | 9230 0100 

  0x0000020e017d4a68: ;   {oop(a 'java/lang/invoke/MemberName'{0x0000000703d28938} = {method} {0x0000020e11424ef8} 'mix' '(JJ)J' in 'java/lang/StringConcatHelper')}
  0x0000020e017d4a68: 0048 be38 | 89d2 0307 | 0000 0048 | 85f6 7504 | 4883 0a01 

  0x0000020e017d4a7c: ;   {metadata(method data for {method} {0x0000020e110b4ff0} 'invokeStatic' '(Ljava/lang/Object;JJ)J' in 'java/lang/invoke/DirectMethodHandle$Holder')}
  0x0000020e017d4a7c: 48ba f061 | 1855 0e02 | 0000 4883 | 8278 0100 

  0x0000020e017d4a8c: ;   {metadata(method data for {method} {0x0000020e11424ef8} 'mix' '(JJ)J' in 'java/lang/StringConcatHelper')}
  0x0000020e017d4a8c: 0001 48ba | 1064 1855 | 0e02 0000 | 8bb2 cc00 | 0000 83c6 | 0289 b2cc | 0000 0081 | e6fe ff1f 
  0x0000020e017d4aac: 0083 fe00 | 0f84 770f 

  0x0000020e017d4ab4: ;   {metadata(method data for {method} {0x0000020e11424ef8} 'mix' '(JJ)J' in 'java/lang/StringConcatHelper')}
  0x0000020e017d4ab4: 0000 48ba | 1064 1855 | 0e02 0000 | 4883 8210 | 0100 0001 | 488b d00f 

  0x0000020e017d4acc: ;   {static_call}
  0x0000020e017d4acc: 1f40 00e8 

  0x0000020e017d4ad0: ; ImmutableOopMap {}
                      ;*invokestatic stringSize {reexecute=0 rethrow=0 return_oop=0}
                      ; - java.lang.StringConcatHelper::mix@2 (line 112)
                      ; - java.lang.invoke.DirectMethodHandle$Holder::invokeStatic@13
                      ; - java.lang.invoke.LambdaForm$MH/0x0000020e1277dc00::invoke@23
                      ; - java.lang.invoke.LambdaForm$MH/0x0000020e1277e000::invoke@15
                      ; - java.lang.invoke.Invokers$Holder::linkToTargetMethod@5
                      ; - ui.views.waveform.c.a::muE@135 (line 492)
  0x0000020e017d4ad0: 4c39 9406 

  0x0000020e017d4ad4: ;   {other}
  0x0000020e017d4ad4: 0f1f 8400 | 4411 0009 | 4863 c048 | b916 0000 | 0000 0000 | 0048 03c1 | 4889 8424 | 6001 0000 
  0x0000020e017d4af4: ;   {metadata(method data for {method} {0x0000020e11424ef8} 'mix' '(JJ)J' in 'java/lang/StringConcatHelper')}
  0x0000020e017d4af4: 48b9 1064 | 1855 0e02 | 0000 4883 | 8120 0100 

  0x0000020e017d4b04: ;   {metadata(method data for {method} {0x0000020e11424920} 'checkOverflow' '(J)J' in 'java/lang/StringConcatHelper')}
  0x0000020e017d4b04: 0001 48b9 | c0fe 0652 | 0e02 0000 | 448b 81cc | 0000 0041 | 83c0 0244 | 8981 cc00 | 0000 4181 
  0x0000020e017d4b24: e0fe ff1f | 0041 83f8 | 000f 841b | 0f00 008b | f083 fe00 

  0x0000020e017d4b38: ;   {metadata(method data for {method} {0x0000020e11424920} 'checkOverflow' '(J)J' in 'java/lang/StringConcatHelper')}
  0x0000020e017d4b38: 48b9 c0fe | 0652 0e02 | 0000 49b8 | 1001 0000 | 0000 0000 | 0f8c 0a00 | 0000 49b8 | 2001 0000 
  0x0000020e017d4b58: 0000 0000 | 4e8b 0c01 | 4d8d 4901 | 4e89 0c01 | 0f8c ab0a 

  0x0000020e017d4b6c: ;   {metadata(method data for {method} {0x0000020e52470e90} 'invoke' '(Ljava/lang/Object;J)Ljava/lang/Object;' in 'java/lang/invoke/LambdaForm$MH+0x0000020e12010c00')}
  0x0000020e017d4b6c: 0000 48b9 | 0811 4752 | 0e02 0000 | 488d 8940 

  0x0000020e017d4b7c: ;   {oop(a 'java/lang/invoke/BoundMethodHandle$Species_LL'{0x0000000706a6db80})}
  0x0000020e017d4b7c: 0200 0049 | b880 dba6 | 0607 0000 | 004d 85c0 | 7504 4883 

  0x0000020e017d4b90: ;   {metadata(method data for {method} {0x0000020e55022b48} 'invoke' '(Ljava/lang/Object;J)Ljava/lang/Object;' in 'java/lang/invoke/LambdaForm$MH+0x0000020e1277e000')}
  0x0000020e017d4b90: 0901 48b9 | 0030 0255 | 0e02 0000 | 4883 81f0 | 0100 0001 

  0x0000020e017d4ba4: ;   {metadata(method data for {method} {0x0000020e52470e90} 'invoke' '(Ljava/lang/Object;J)Ljava/lang/Object;' in 'java/lang/invoke/LambdaForm$MH+0x0000020e12010c00')}
  0x0000020e017d4ba4: 48b9 0811 | 4752 0e02 | 0000 448b | 81cc 0000 | 0041 83c0 | 0244 8981 | cc00 0000 | 4181 e0fe 
  0x0000020e017d4bc4: ff1f 0041 | 83f8 000f | 849e 0e00 

  0x0000020e017d4bd0: ;   {metadata(method data for {method} {0x0000020e52470e90} 'invoke' '(Ljava/lang/Object;J)Ljava/lang/Object;' in 'java/lang/invoke/LambdaForm$MH+0x0000020e12010c00')}
  0x0000020e017d4bd0: 0048 b908 | 1147 520e | 0200 0048 | 8d89 b801 

  0x0000020e017d4be0: ;   {oop(" ms"{0x0000000706a6dba8})}
  0x0000020e017d4be0: 0000 49b8 | a8db a606 | 0700 0000 | 4d8b c84d | 85c9 7505 | 4883 4908 

  0x0000020e017d4bf8: ;   {metadata(method data for {method} {0x0000020e110b4390} 'invokeStatic' '(Ljava/lang/Object;Ljava/lang/Object;J)Ljava/lang/Object;' in 'java/lang/invoke/DirectMethodHandle$Holder')}
  0x0000020e017d4bf8: 0148 b990 | df97 520e | 0200 0048 | 8d89 2802 

  0x0000020e017d4c08: ;   {oop(a 'java/lang/invoke/DirectMethodHandle'{0x000000070232fd98})}
  0x0000020e017d4c08: 0000 49b9 | 98fd 3202 | 0700 0000 | 498b d148 | 85d2 7504 | 4883 0901 | 498b d048 | 85d2 7505 
  0x0000020e017d4c28: 4883 4910 

  0x0000020e017d4c2c: ;   {metadata(method data for {method} {0x0000020e52470e90} 'invoke' '(Ljava/lang/Object;J)Ljava/lang/Object;' in 'java/lang/invoke/LambdaForm$MH+0x0000020e12010c00')}
  0x0000020e017d4c2c: 0148 b908 | 1147 520e | 0200 0048 | 8381 8001 

  0x0000020e017d4c3c: ;   {metadata(method data for {method} {0x0000020e110b4390} 'invokeStatic' '(Ljava/lang/Object;Ljava/lang/Object;J)Ljava/lang/Object;' in 'java/lang/invoke/DirectMethodHandle$Holder')}
  0x0000020e017d4c3c: 0000 0148 | b990 df97 | 520e 0200 | 008b 91cc | 0000 0083 | c202 8991 | cc00 0000 | 81e2 feff 
  0x0000020e017d4c5c: 1f00 83fa | 000f 8429 

  0x0000020e017d4c64: ;   {metadata(method data for {method} {0x0000020e110b4390} 'invokeStatic' '(Ljava/lang/Object;Ljava/lang/Object;J)Ljava/lang/Object;' in 'java/lang/invoke/DirectMethodHandle$Holder')}
  0x0000020e017d4c64: 0e00 0048 | b990 df97 | 520e 0200 | 0048 8d89 | 2001 0000 | 4d85 c975 | 0548 8349 

  0x0000020e017d4c80: ;   {metadata(method data for {method} {0x0000020e110b4390} 'invokeStatic' '(Ljava/lang/Object;Ljava/lang/Object;J)Ljava/lang/Object;' in 'java/lang/invoke/DirectMethodHandle$Holder')}
  0x0000020e017d4c80: 0801 48b9 | 90df 9752 | 0e02 0000 | 4883 8110 | 0100 0001 

  0x0000020e017d4c94: ;   {metadata(method data for {method} {0x0000020e110a3038} 'internalMemberName' '(Ljava/lang/Object;)Ljava/lang/Object;' in 'java/lang/invoke/DirectMethodHandle')}
  0x0000020e017d4c94: 48b9 38a4 | 2452 0e02 | 0000 448b | 89cc 0000 | 0041 83c1 | 0244 8989 | cc00 0000 | 4181 e1fe 
  0x0000020e017d4cb4: ff1f 0041 | 83f9 000f | 84f0 0d00 

  0x0000020e017d4cc0: ;   {metadata(method data for {method} {0x0000020e110b4390} 'invokeStatic' '(Ljava/lang/Object;Ljava/lang/Object;J)Ljava/lang/Object;' in 'java/lang/invoke/DirectMethodHandle$Holder')}
  0x0000020e017d4cc0: 0048 b990 | df97 520e | 0200 0048 | 8d89 3001 

  0x0000020e017d4cd0: ;   {oop(a 'java/lang/invoke/MemberName'{0x000000070232fdc0} = {method} {0x0000020e11424818} 'newArrayWithSuffix' '(Ljava/lang/String;J)[B' in 'java/lang/StringConcatHelper')}
  0x0000020e017d4cd0: 0000 49b9 | c0fd 3202 | 0700 0000 | 4d85 c975 | 0448 8309 

  0x0000020e017d4ce4: ;   {metadata(method data for {method} {0x0000020e110b4390} 'invokeStatic' '(Ljava/lang/Object;Ljava/lang/Object;J)Ljava/lang/Object;' in 'java/lang/invoke/DirectMethodHandle$Holder')}
  0x0000020e017d4ce4: 0148 b990 | df97 520e | 0200 0048 | 8d89 8801 | 0000 4d8b | c84d 85c9 | 7505 4883 

  0x0000020e017d4d00: ;   {metadata(method data for {method} {0x0000020e110b4390} 'invokeStatic' '(Ljava/lang/Object;Ljava/lang/Object;J)Ljava/lang/Object;' in 'java/lang/invoke/DirectMethodHandle$Holder')}
  0x0000020e017d4d00: 4908 0148 | b990 df97 | 520e 0200 | 0048 8381 | 7801 0000 

  0x0000020e017d4d14: ;   {metadata(method data for {method} {0x0000020e11424818} 'newArrayWithSuffix' '(Ljava/lang/String;J)[B' in 'java/lang/StringConcatHelper')}
  0x0000020e017d4d14: 0148 b9c8 | 292f 540e | 0200 0044 | 8b89 cc00 | 0000 4183 | c102 4489 | 89cc 0000 | 0041 81e1 
  0x0000020e017d4d34: feff 1f00 | 4183 f900 | 0f84 900d | 0000 498b 

  0x0000020e017d4d44: ;   {metadata(method data for {method} {0x0000020e11424818} 'newArrayWithSuffix' '(Ljava/lang/String;J)[B' in 'java/lang/StringConcatHelper')}
  0x0000020e017d4d44: c849 b9c8 | 292f 540e | 0200 0049 | 8381 1001 

  0x0000020e017d4d54: ;   {metadata(method data for {method} {0x0000020e1100eee0} 'length' '()I' in 'java/lang/String')}
  0x0000020e017d4d54: 0000 0148 | b9e8 fa00 | 520e 0200 | 0044 8b89 | cc00 0000 | 4183 c102 | 4489 89cc | 0000 0041 
  0x0000020e017d4d74: 81e1 feff | 1f00 4183 | f900 0f84 | 6f0d 0000 

  0x0000020e017d4d84: ;   {metadata(method data for {method} {0x0000020e1100eee0} 'length' '()I' in 'java/lang/String')}
  0x0000020e017d4d84: 48b9 e8fa | 0052 0e02 | 0000 4883 | 8110 0100 

  0x0000020e017d4d94: ;   {metadata(method data for {method} {0x0000020e1145a188} 'coder' '()B' in 'java/lang/String')}
  0x0000020e017d4d94: 0001 48b9 | 90d1 0052 | 0e02 0000 | 448b 81cc | 0000 0041 | 83c0 0244 | 8981 cc00 | 0000 4181 
  0x0000020e017d4db4: e0fe ff1f | 0041 83f8 | 000f 8451 

  0x0000020e017d4dc0: ;   {metadata(method data for {method} {0x0000020e1145a188} 'coder' '()B' in 'java/lang/String')}
  0x0000020e017d4dc0: 0d00 0048 | b990 d100 | 520e 0200 | 00ff 8120 

  0x0000020e017d4dd0: ;   {metadata(method data for {method} {0x0000020e1145a188} 'coder' '()B' in 'java/lang/String')}
  0x0000020e017d4dd0: 0100 0048 | b990 d100 | 520e 0200 | 00ff 8130 | 0100 004c | 8bc0 49ba | 0300 0000 | 0000 0000 
  0x0000020e017d4df0: ;   {metadata(method data for {method} {0x0000020e11424818} 'newArrayWithSuffix' '(Ljava/lang/String;J)[B' in 'java/lang/StringConcatHelper')}
  0x0000020e017d4df0: 4d03 c248 | b9c8 292f | 540e 0200 | 0048 8381 | 4801 0000 

  0x0000020e017d4e04: ;   {metadata(method data for {method} {0x0000020e11425160} 'newArray' '(J)[B' in 'java/lang/StringConcatHelper')}
  0x0000020e017d4e04: 0148 b9a8 | 0605 520e | 0200 0044 | 8b89 cc00 | 0000 4183 | c102 4489 | 89cc 0000 | 0041 81e1 
  0x0000020e017d4e24: feff 1f00 | 4183 f900 | 0f84 030d | 0000 b920 | 0000 004d | 8bc8 49d3 | f945 8bc9 | 450f bec9 
  0x0000020e017d4e44: 458b c049 | 8bc9 4d8b | c841 d3e1 | 4183 f900 

  0x0000020e017d4e54: ;   {metadata(method data for {method} {0x0000020e11425160} 'newArray' '(J)[B' in 'java/lang/StringConcatHelper')}
  0x0000020e017d4e54: 49b8 a806 | 0552 0e02 | 0000 48ba | 2001 0000 | 0000 0000 | 0f8c 0a00 | 0000 48ba | 1001 0000 
  0x0000020e017d4e74: 0000 0000 | 498b 3c10 | 488d 7f01 | 4989 3c10 | 0f8c ee06 | 0000 89b4 | 2468 0100 

  0x0000020e017d4e90: ;   {oop(a 'jdk/internal/misc/Unsafe'{0x0000000702271ec0})}
  0x0000020e017d4e90: 0048 bac0 | 1e27 0207 | 0000 004c 

  0x0000020e017d4e9c: ;   {metadata(method data for {method} {0x0000020e11425160} 'newArray' '(J)[B' in 'java/lang/StringConcatHelper')}
  0x0000020e017d4e9c: 8bc2 48bf | a806 0552 | 0e02 0000 | 4883 8740 | 0100 0001 

  0x0000020e017d4eb0: ;   {oop(a 'java/lang/Class'{0x000000070223be18} = byte)}
  0x0000020e017d4eb0: 49b8 18be | 2302 0700 | 0000 0f1f 

  0x0000020e017d4ebc: ;   {optimized virtual_call}
  0x0000020e017d4ebc: 4400 00e8 

  0x0000020e017d4ec0: ; ImmutableOopMap {}
                      ;*invokevirtual allocateUninitializedArray {reexecute=0 rethrow=0 return_oop=0}
                      ; - java.lang.StringConcatHelper::newArray@33 (line 511)
                      ; - java.lang.StringConcatHelper::newArrayWithSuffix@7 (line 489)
                      ; - java.lang.invoke.DirectMethodHandle$Holder::invokeStatic@13
                      ; - java.lang.invoke.LambdaForm$MH/0x0000020e12010c00::invoke@23
                      ; - java.lang.invoke.LambdaForm$MH/0x0000020e1277e000::invoke@33
                      ; - java.lang.invoke.Invokers$Holder::linkToTargetMethod@5
                      ; - ui.views.waveform.c.a::muE@135 (line 492)
  0x0000020e017d4ec0: fca5 4c06 

  0x0000020e017d4ec4: ;   {other}
  0x0000020e017d4ec4: 0f1f 8400 | 3415 000a | 4883 f800 

  0x0000020e017d4ed0: ;   {metadata(method data for {method} {0x0000020e11425160} 'newArray' '(J)[B' in 'java/lang/StringConcatHelper')}
  0x0000020e017d4ed0: 7517 49b9 | a806 0552 | 0e02 0000 | 4180 8971 | 0100 0001 | e9ce 0000 

  0x0000020e017d4ee8: ;   {metadata({type array byte})}
  0x0000020e017d4ee8: 0048 bfc0 | 2200 110e | 0200 0044 | 8b48 0849 | ba00 0000 | 110e 0200 | 004d 03ca | 493b 7938 
  0x0000020e017d4f08: 0f85 8d00 

  0x0000020e017d4f0c: ;   {metadata(method data for {method} {0x0000020e11425160} 'newArray' '(J)[B' in 'java/lang/StringConcatHelper')}
  0x0000020e017d4f0c: 0000 49b9 | a806 0552 | 0e02 0000 | 8b78 0849 | ba00 0000 | 110e 0200 | 0049 03fa | 493b b988 
  0x0000020e017d4f2c: 0100 0075 | 0d49 8381 | 9001 0000 | 01e9 7900 | 0000 493b | b998 0100 | 0075 0d49 | 8381 a001 
  0x0000020e017d4f4c: 0000 01e9 | 6300 0000 | 4983 b988 | 0100 0000 | 7517 4989 | b988 0100 | 0049 c781 | 9001 0000 
  0x0000020e017d4f6c: 0100 0000 | e942 0000 | 0049 83b9 | 9801 0000 | 0075 1749 | 89b9 9801 | 0000 49c7 | 81a0 0100 
  0x0000020e017d4f8c: 0001 0000 | 00e9 2100 | 0000 e91c 

  0x0000020e017d4f98: ;   {metadata(method data for {method} {0x0000020e11425160} 'newArray' '(J)[B' in 'java/lang/StringConcatHelper')}
  0x0000020e017d4f98: 0000 0049 | b9a8 0605 | 520e 0200 | 0049 83a9 | 7801 0000 | 01e9 a40b | 0000 e900 | 0000 0048 
  0x0000020e017d4fb8: 8bf0 4889 | b424 7001 | 0000 488b | 8424 6001 | 0000 49b8 | 0000 0000 | 0100 0000 

  0x0000020e017d4fd4: ;   {metadata(method data for {method} {0x0000020e11424818} 'newArrayWithSuffix' '(Ljava/lang/String;J)[B' in 'java/lang/StringConcatHelper')}
  0x0000020e017d4fd4: 493b c049 | b8c8 292f | 540e 0200 | 0049 b958 | 0100 0000 | 0000 000f | 8d0a 0000 | 0049 b968 
  0x0000020e017d4ff4: 0100 0000 | 0000 004b | 8b3c 0848 | 8d7f 014b | 893c 080f | 8d55 0000 

  0x0000020e017d500c: ;   {oop(" ms"{0x0000000706a6dba8})}
  0x0000020e017d500c: 0048 baa8 | dba6 0607 | 0000 004c 

  0x0000020e017d5018: ;   {metadata(method data for {method} {0x0000020e11424818} 'newArrayWithSuffix' '(Ljava/lang/String;J)[B' in 'java/lang/StringConcatHelper')}
  0x0000020e017d5018: 8bc2 49b9 | c829 2f54 | 0e02 0000 | 4983 8178 | 0100 0001 | 4c8b c644 | 8b8c 2468 | 0100 00bf 
  0x0000020e017d5038: 0000 0000 

  0x0000020e017d503c: ;   {optimized virtual_call}
  0x0000020e017d503c: 6666 90e8 

  0x0000020e017d5040: ; ImmutableOopMap {[368]=Oop }
                      ;*invokevirtual getBytes {reexecute=0 rethrow=0 return_oop=0}
                      ; - java.lang.StringConcatHelper::newArrayWithSuffix@24 (line 491)
                      ; - java.lang.invoke.DirectMethodHandle$Holder::invokeStatic@13
                      ; - java.lang.invoke.LambdaForm$MH/0x0000020e12010c00::invoke@23
                      ; - java.lang.invoke.LambdaForm$MH/0x0000020e1277e000::invoke@33
                      ; - java.lang.invoke.Invokers$Holder::linkToTargetMethod@5
                      ; - ui.views.waveform.c.a::muE@135 (line 492)
  0x0000020e017d5040: 7ccf 6006 

  0x0000020e017d5044: ;   {other}
  0x0000020e017d5044: 0f1f 8400 | b416 000b 

  0x0000020e017d504c: ;   {metadata(method data for {method} {0x0000020e11424818} 'newArrayWithSuffix' '(Ljava/lang/String;J)[B' in 'java/lang/StringConcatHelper')}
  0x0000020e017d504c: 49b8 c829 | 2f54 0e02 | 0000 41ff | 80b0 0100 | 00e9 4a00 | 0000 8bb4 | 2468 0100 

  0x0000020e017d5068: ;   {oop(" ms"{0x0000000706a6dba8})}
  0x0000020e017d5068: 0048 baa8 | dba6 0607 | 0000 004c 

  0x0000020e017d5074: ;   {metadata(method data for {method} {0x0000020e11424818} 'newArrayWithSuffix' '(Ljava/lang/String;J)[B' in 'java/lang/StringConcatHelper')}
  0x0000020e017d5074: 8bc2 49b9 | c829 2f54 | 0e02 0000 | 4983 81c8 | 0100 0001 | 4c8b 8424 | 7001 0000 | 4c8b cebf 
  0x0000020e017d5094: 0100 0000 | 0f1f 8000 

  0x0000020e017d509c: ;   {optimized virtual_call}
  0x0000020e017d509c: 0000 00e8 

  0x0000020e017d50a0: ; ImmutableOopMap {[368]=Oop }
                      ;*invokevirtual getBytes {reexecute=0 rethrow=0 return_oop=0}
                      ; - java.lang.StringConcatHelper::newArrayWithSuffix@35 (line 493)
                      ; - java.lang.invoke.DirectMethodHandle$Holder::invokeStatic@13
                      ; - java.lang.invoke.LambdaForm$MH/0x0000020e12010c00::invoke@23
                      ; - java.lang.invoke.LambdaForm$MH/0x0000020e1277e000::invoke@33
                      ; - java.lang.invoke.Invokers$Holder::linkToTargetMethod@5
                      ; - ui.views.waveform.c.a::muE@135 (line 492)
  0x0000020e017d50a0: dc99 cc05 

  0x0000020e017d50a4: ;   {other}
  0x0000020e017d50a4: 0f1f 8400 | 1417 000c | 488b b424 | 7001 0000 

  0x0000020e017d50b4: ;   {metadata(method data for {method} {0x0000020e110b4390} 'invokeStatic' '(Ljava/lang/Object;Ljava/lang/Object;J)Ljava/lang/Object;' in 'java/lang/invoke/DirectMethodHandle$Holder')}
  0x0000020e017d50b4: 48ba 90df | 9752 0e02 | 0000 488d | 92a8 0100 | 004c 8bc6 | 4d85 c075 | 0448 830a 

  0x0000020e017d50d0: ;   {metadata(method data for {method} {0x0000020e52470e90} 'invoke' '(Ljava/lang/Object;J)Ljava/lang/Object;' in 'java/lang/invoke/LambdaForm$MH+0x0000020e12010c00')}
  0x0000020e017d50d0: 0148 ba08 | 1147 520e | 0200 0048 | 8d92 c801 | 0000 4c8b | c64d 85c0 | 7504 4883 

  0x0000020e017d50ec: ;   {metadata(method data for {method} {0x0000020e55022b48} 'invoke' '(Ljava/lang/Object;J)Ljava/lang/Object;' in 'java/lang/invoke/LambdaForm$MH+0x0000020e1277e000')}
  0x0000020e017d50ec: 0a01 48ba | 0030 0255 | 0e02 0000 | 488d 9228 | 0200 004c | 8bc6 4d85 | c075 0448 

  0x0000020e017d5108: ;   {metadata(method data for {method} {0x0000020e55022b48} 'invoke' '(Ljava/lang/Object;J)Ljava/lang/Object;' in 'java/lang/invoke/LambdaForm$MH+0x0000020e1277e000')}
  0x0000020e017d5108: 830a 0148 | ba00 3002 | 550e 0200 | 0048 8d92 | a802 0000 | 4c8b c64d | 85c0 7505 | 4883 4a08 
  0x0000020e017d5128: ;   {metadata(method data for {method} {0x0000020e55020a98} 'invoke' '(Ljava/lang/Object;JLjava/lang/Object;J)J' in 'java/lang/invoke/LambdaForm$MH+0x0000020e1277d000')}
  0x0000020e017d5128: 0148 baf8 | 0c02 550e | 0200 0048 | 8d92 6002 

  0x0000020e017d5138: ;   {oop(a 'java/lang/invoke/BoundMethodHandle$Species_LL'{0x0000000706a6db18})}
  0x0000020e017d5138: 0000 49b8 | 18db a606 | 0700 0000 | 4d85 c075 | 0448 830a | 014c 8bc6 | 4d85 c075 | 0548 834a 
  0x0000020e017d5158: ;   {metadata(method data for {method} {0x0000020e55022b48} 'invoke' '(Ljava/lang/Object;J)Ljava/lang/Object;' in 'java/lang/invoke/LambdaForm$MH+0x0000020e1277e000')}
  0x0000020e017d5158: 1001 48ba | 0030 0255 | 0e02 0000 | 4883 8270 | 0200 0001 

  0x0000020e017d516c: ;   {metadata(method data for {method} {0x0000020e55020a98} 'invoke' '(Ljava/lang/Object;JLjava/lang/Object;J)J' in 'java/lang/invoke/LambdaForm$MH+0x0000020e1277d000')}
  0x0000020e017d516c: 48ba f80c | 0255 0e02 | 0000 448b | 82cc 0000 | 0041 83c0 | 0244 8982 | cc00 0000 | 4181 e0fe 
  0x0000020e017d518c: ff1f 0041 | 83f8 000f | 84c6 0900 

  0x0000020e017d5198: ;   {metadata(method data for {method} {0x0000020e55020a98} 'invoke' '(Ljava/lang/Object;JLjava/lang/Object;J)J' in 'java/lang/invoke/LambdaForm$MH+0x0000020e1277d000')}
  0x0000020e017d5198: 0048 baf8 | 0c02 550e | 0200 0048 | 8d92 b801 | 0000 4c8b | c64d 85c0 | 7505 4883 

  0x0000020e017d51b4: ;   {metadata(method data for {method} {0x0000020e110b4ee8} 'invokeStatic' '(Ljava/lang/Object;JLjava/lang/Object;JLjava/lang/Object;)J' in 'java/lang/invoke/DirectMethodHandle$Holder')}
  0x0000020e017d51b4: 4a08 0148 | ba58 6718 | 550e 0200 | 0048 8d92 | 3802 0000 

  0x0000020e017d51c8: ;   {oop(a 'java/lang/invoke/DirectMethodHandle'{0x0000000703d294c8})}
  0x0000020e017d51c8: 49b8 c894 | d203 0700 | 0000 4d8b | c84d 85c9 | 7504 4883 | 0a01 4c8b | ce4d 85c9 | 7505 4883 
  0x0000020e017d51e8: ;   {metadata(method data for {method} {0x0000020e55020a98} 'invoke' '(Ljava/lang/Object;JLjava/lang/Object;J)J' in 'java/lang/invoke/LambdaForm$MH+0x0000020e1277d000')}
  0x0000020e017d51e8: 4a10 0148 | baf8 0c02 | 550e 0200 | 0048 8382 | 8001 0000 

  0x0000020e017d51fc: ;   {metadata(method data for {method} {0x0000020e110b4ee8} 'invokeStatic' '(Ljava/lang/Object;JLjava/lang/Object;JLjava/lang/Object;)J' in 'java/lang/invoke/DirectMethodHandle$Holder')}
  0x0000020e017d51fc: 0148 ba58 | 6718 550e | 0200 0044 | 8b8a cc00 | 0000 4183 | c102 4489 | 8acc 0000 | 0041 81e1 
  0x0000020e017d521c: feff 1f00 | 4183 f900 | 0f84 5609 

  0x0000020e017d5228: ;   {metadata(method data for {method} {0x0000020e110b4ee8} 'invokeStatic' '(Ljava/lang/Object;JLjava/lang/Object;JLjava/lang/Object;)J' in 'java/lang/invoke/DirectMethodHandle$Holder')}
  0x0000020e017d5228: 0000 48ba | 5867 1855 | 0e02 0000 | 488d 9220 | 0100 004d | 85c0 7505 | 4883 4a08 

  0x0000020e017d5244: ;   {metadata(method data for {method} {0x0000020e110b4ee8} 'invokeStatic' '(Ljava/lang/Object;JLjava/lang/Object;JLjava/lang/Object;)J' in 'java/lang/invoke/DirectMethodHandle$Holder')}
  0x0000020e017d5244: 0148 ba58 | 6718 550e | 0200 0048 | 8382 1001 

  0x0000020e017d5254: ;   {metadata(method data for {method} {0x0000020e110a3038} 'internalMemberName' '(Ljava/lang/Object;)Ljava/lang/Object;' in 'java/lang/invoke/DirectMethodHandle')}
  0x0000020e017d5254: 0000 0148 | ba38 a424 | 520e 0200 | 0044 8b82 | cc00 0000 | 4183 c002 | 4489 82cc | 0000 0041 
  0x0000020e017d5274: 81e0 feff | 1f00 4183 | f800 0f84 | 1d09 0000 

  0x0000020e017d5284: ;   {metadata(method data for {method} {0x0000020e110b4ee8} 'invokeStatic' '(Ljava/lang/Object;JLjava/lang/Object;JLjava/lang/Object;)J' in 'java/lang/invoke/DirectMethodHandle$Holder')}
  0x0000020e017d5284: 48ba 5867 | 1855 0e02 | 0000 488d | 9230 0100 

  0x0000020e017d5294: ;   {oop(a 'java/lang/invoke/MemberName'{0x0000000703d294f0} = {method} {0x0000020e11424d98} 'prepend' '(J[BJLjava/lang/String;)J' in 'java/lang/StringConcatHelper')}
  0x0000020e017d5294: 0048 bbf0 | 94d2 0307 | 0000 004c | 8bc3 4d85 | c075 0448 

  0x0000020e017d52a8: ;   {metadata(method data for {method} {0x0000020e110b4ee8} 'invokeStatic' '(Ljava/lang/Object;JLjava/lang/Object;JLjava/lang/Object;)J' in 'java/lang/invoke/DirectMethodHandle$Holder')}
  0x0000020e017d52a8: 830a 0148 | ba58 6718 | 550e 0200 | 0048 8d92 | 8801 0000 | 4c8b c64d | 85c0 7505 | 4883 4a08 
  0x0000020e017d52c8: ;   {oop("Update Graphics Data: "{0x0000000706a6db40})}
  0x0000020e017d52c8: 0148 bf40 | dba6 0607 | 0000 004c | 8bc7 4d85 | c075 0548 | 834a 1801 

  0x0000020e017d52e0: ;   {metadata(method data for {method} {0x0000020e110b4ee8} 'invokeStatic' '(Ljava/lang/Object;JLjava/lang/Object;JLjava/lang/Object;)J' in 'java/lang/invoke/DirectMethodHandle$Holder')}
  0x0000020e017d52e0: 48ba 5867 | 1855 0e02 | 0000 4883 | 8278 0100 | 0001 488b | 9424 6001 | 0000 4c8b | c64c 8b8c 
  0x0000020e017d5300: 2458 0100 | 0048 8bf3 | 0f1f 8000 

  0x0000020e017d530c: ;   {static_call}
  0x0000020e017d530c: 0000 00e8 

  0x0000020e017d5310: ; ImmutableOopMap {[368]=Oop }
                      ;*invokestatic linkToStatic {reexecute=0 rethrow=0 return_oop=0}
                      ; - java.lang.invoke.DirectMethodHandle$Holder::invokeStatic@17
                      ; - java.lang.invoke.LambdaForm$MH/0x0000020e1277d000::invoke@28
                      ; - java.lang.invoke.LambdaForm$MH/0x0000020e1277e000::invoke@54
                      ; - java.lang.invoke.Invokers$Holder::linkToTargetMethod@5
                      ; - ui.views.waveform.c.a::muE@135 (line 492)
  0x0000020e017d5310: eceb 4e06 

  0x0000020e017d5314: ;   {other}
  0x0000020e017d5314: 0f1f 8400 | 8419 000d 

  0x0000020e017d531c: ;   {metadata(method data for {method} {0x0000020e55022b48} 'invoke' '(Ljava/lang/Object;J)Ljava/lang/Object;' in 'java/lang/invoke/LambdaForm$MH+0x0000020e1277e000')}
  0x0000020e017d531c: 48ba 0030 | 0255 0e02 | 0000 488d | 9230 0300 | 0048 8bb4 | 2470 0100 | 004c 8bc6 | 4d85 c075 
  0x0000020e017d533c: 0548 834a 

  0x0000020e017d5340: ;   {metadata(method data for {method} {0x0000020e110b4390} 'invokeStatic' '(Ljava/lang/Object;Ljava/lang/Object;J)Ljava/lang/Object;' in 'java/lang/invoke/DirectMethodHandle$Holder')}
  0x0000020e017d5340: 0801 48ba | 90df 9752 | 0e02 0000 | 488d 9228 

  0x0000020e017d5350: ;   {oop(a 'java/lang/invoke/DirectMethodHandle'{0x000000070232e770})}
  0x0000020e017d5350: 0200 0049 | b870 e732 | 0207 0000 | 004d 8bc8 | 4d85 c975 | 0448 830a | 014c 8bce | 4d85 c975 
  0x0000020e017d5370: 0548 834a 

  0x0000020e017d5374: ;   {metadata(method data for {method} {0x0000020e55022b48} 'invoke' '(Ljava/lang/Object;J)Ljava/lang/Object;' in 'java/lang/invoke/LambdaForm$MH+0x0000020e1277e000')}
  0x0000020e017d5374: 1001 48ba | 0030 0255 | 0e02 0000 | 4883 82f8 | 0200 0001 

  0x0000020e017d5388: ;   {metadata(method data for {method} {0x0000020e110b4390} 'invokeStatic' '(Ljava/lang/Object;Ljava/lang/Object;J)Ljava/lang/Object;' in 'java/lang/invoke/DirectMethodHandle$Holder')}
  0x0000020e017d5388: 48ba 90df | 9752 0e02 | 0000 448b | 8acc 0000 | 0041 83c1 | 0244 898a | cc00 0000 | 4181 e1fe 
  0x0000020e017d53a8: ff1f 0041 | 83f9 000f | 840d 0800 

  0x0000020e017d53b4: ;   {metadata(method data for {method} {0x0000020e110b4390} 'invokeStatic' '(Ljava/lang/Object;Ljava/lang/Object;J)Ljava/lang/Object;' in 'java/lang/invoke/DirectMethodHandle$Holder')}
  0x0000020e017d53b4: 0048 ba90 | df97 520e | 0200 0048 | 8d92 2001 | 0000 4d85 | c075 0548 | 834a 0801 

  0x0000020e017d53d0: ;   {metadata(method data for {method} {0x0000020e110b4390} 'invokeStatic' '(Ljava/lang/Object;Ljava/lang/Object;J)Ljava/lang/Object;' in 'java/lang/invoke/DirectMethodHandle$Holder')}
  0x0000020e017d53d0: 48ba 90df | 9752 0e02 | 0000 4883 | 8210 0100 

  0x0000020e017d53e0: ;   {metadata(method data for {method} {0x0000020e110a3038} 'internalMemberName' '(Ljava/lang/Object;)Ljava/lang/Object;' in 'java/lang/invoke/DirectMethodHandle')}
  0x0000020e017d53e0: 0001 48ba | 38a4 2452 | 0e02 0000 | 448b 82cc | 0000 0041 | 83c0 0244 | 8982 cc00 | 0000 4181 
  0x0000020e017d5400: e0fe ff1f | 0041 83f8 | 000f 84d4 

  0x0000020e017d540c: ;   {metadata(method data for {method} {0x0000020e110b4390} 'invokeStatic' '(Ljava/lang/Object;Ljava/lang/Object;J)Ljava/lang/Object;' in 'java/lang/invoke/DirectMethodHandle$Holder')}
  0x0000020e017d540c: 0700 0048 | ba90 df97 | 520e 0200 | 0048 8d92 | 3001 0000 

  0x0000020e017d5420: ;   {oop(a 'java/lang/invoke/MemberName'{0x000000070232e7d8} = {method} {0x0000020e114250b0} 'newString' '([BJ)Ljava/lang/String;' in 'java/lang/StringConcatHelper')}
  0x0000020e017d5420: 49b9 d8e7 | 3202 0700 | 0000 4d8b | c14d 85c0 | 7504 4883 

  0x0000020e017d5434: ;   {metadata(method data for {method} {0x0000020e110b4390} 'invokeStatic' '(Ljava/lang/Object;Ljava/lang/Object;J)Ljava/lang/Object;' in 'java/lang/invoke/DirectMethodHandle$Holder')}
  0x0000020e017d5434: 0a01 48ba | 90df 9752 | 0e02 0000 | 488d 9288 | 0100 004c | 8bc6 4d85 | c075 0548 | 834a 0801 
  0x0000020e017d5454: 4d8b c14d | 85c0 7505 | 4883 4a18 

  0x0000020e017d5460: ;   {metadata(method data for {method} {0x0000020e110b4390} 'invokeStatic' '(Ljava/lang/Object;Ljava/lang/Object;J)Ljava/lang/Object;' in 'java/lang/invoke/DirectMethodHandle$Holder')}
  0x0000020e017d5460: 0148 ba90 | df97 520e | 0200 0048 | 8382 7801 | 0000 0148 | 8bd6 4c8b | c066 0f1f 

  0x0000020e017d547c: ;   {static_call}
  0x0000020e017d547c: 4400 00e8 

  0x0000020e017d5480: ; ImmutableOopMap {}
                      ;*invokestatic linkToStatic {reexecute=0 rethrow=0 return_oop=0}
                      ; - java.lang.invoke.DirectMethodHandle$Holder::invokeStatic@13
                      ; - java.lang.invoke.LambdaForm$MH/0x0000020e1277e000::invoke@74
                      ; - java.lang.invoke.Invokers$Holder::linkToTargetMethod@5
                      ; - ui.views.waveform.c.a::muE@135 (line 492)
  0x0000020e017d5480: 7cb5 3e06 

  0x0000020e017d5484: ;   {other}
  0x0000020e017d5484: 0f1f 8400 | f41a 000e 

  0x0000020e017d548c: ;   {metadata(method data for {method} {0x0000020e110b4390} 'invokeStatic' '(Ljava/lang/Object;Ljava/lang/Object;J)Ljava/lang/Object;' in 'java/lang/invoke/DirectMethodHandle$Holder')}
  0x0000020e017d548c: 48ba 90df | 9752 0e02 | 0000 488d | 92a8 0100 | 0048 8bf0 | 4885 f675 | 0448 830a 

  0x0000020e017d54a8: ;   {metadata(method data for {method} {0x0000020e55022b48} 'invoke' '(Ljava/lang/Object;J)Ljava/lang/Object;' in 'java/lang/invoke/LambdaForm$MH+0x0000020e1277e000')}
  0x0000020e017d54a8: 0148 ba00 | 3002 550e | 0200 0048 | 8d92 4003 | 0000 488b | f048 85f6 | 7506 4883 | 0a01 eb26 
  0x0000020e017d54c8: 8b76 0849 | ba00 0000 | 110e 0200 | 0049 03f2 | 4833 3248 | f7c6 fcff | ffff 740a | 40f6 c602 
  0x0000020e017d54e8: 7504 4883 

  0x0000020e017d54ec: ;   {metadata(method data for {method} {0x0000020e110aff60} 'linkToTargetMethod' '(JLjava/lang/Object;)Ljava/lang/Object;' in 'java/lang/invoke/Invokers$Holder')}
  0x0000020e017d54ec: 0a02 48ba | f05f 1855 | 0e02 0000 | 488d 9280 | 0100 0048 | 8bf0 4885 | f675 0448 

  0x0000020e017d5508: ;   {metadata(method data for {method} {0x0000020e94a7ce98} 'muE' '()V' in 'ui/views/waveform/c/a')}
  0x0000020e017d5508: 830a 0148 | ba48 a913 | 950e 0200 | 0048 8d92 | 5003 0000 | 488b f048 | 85f6 7504 | 4883 0a01 
  0x0000020e017d5528: ;   {metadata(method data for {method} {0x0000020e94a7ce98} 'muE' '()V' in 'ui/views/waveform/c/a')}
  0x0000020e017d5528: 48ba 48a9 | 1395 0e02 | 0000 4883 | 8260 0300 | 0001 488b 

  0x0000020e017d553c: ;   {static_call}
  0x0000020e017d553c: d066 90e8 

  0x0000020e017d5540: ; ImmutableOopMap {}
                      ;*invokestatic debug {reexecute=0 rethrow=0 return_oop=0}
                      ; - ui.views.waveform.c.a::muE@140 (line 492)
  0x0000020e017d5540: dc27 db06 

  0x0000020e017d5544: ;   {other}
  0x0000020e017d5544: 0f1f 8400 | b41b 000f | 4881 c490 | 0100 005d 

  0x0000020e017d5554: ;   {poll_return}
  0x0000020e017d5554: 493b a750 | 0400 000f | 87a3 0600 | 00c3 4881 | c490 0100 

  0x0000020e017d5568: ;   {poll_return}
  0x0000020e017d5568: 005d 493b | a750 0400 | 000f 87a3 | 0600 00c3 

  0x0000020e017d5578: ;   {metadata('java/lang/OutOfMemoryError')}
  0x0000020e017d5578: 48ba 4834 | 0211 0e02 | 0000 498b | 87b8 0100 | 0048 8d78 | 2849 3bbf | c801 0000 | 0f87 9606 
  0x0000020e017d5598: 0000 4989 | bfb8 0100 | 0048 c700 | 0100 0000 | 488b ca49 | ba00 0000 | 110e 0200 | 0049 2bca 
  0x0000020e017d55b8: 8948 0848 | 33c9 8948 | 0c48 33c9 | 4889 4810 | 4889 4818 | 4889 4820 

  0x0000020e017d55d0: ;   {metadata(method data for {method} {0x0000020e11425160} 'newArray' '(J)[B' in 'java/lang/StringConcatHelper')}
  0x0000020e017d55d0: 4c8b c048 | baa8 0605 | 520e 0200 | 0048 8382 | 3001 0000 

  0x0000020e017d55e4: ;   {oop("Overflow: String length out of range"{0x00000007023ac6f0})}
  0x0000020e017d55e4: 0149 b8f0 | c63a 0207 | 0000 0048 | 8bd0 4889 | 8424 7801 | 0000 0f1f 

  0x0000020e017d55fc: ;   {optimized virtual_call}
  0x0000020e017d55fc: 4400 00e8 

  0x0000020e017d5600: ; ImmutableOopMap {[376]=Oop }
                      ;*invokespecial <init> {reexecute=0 rethrow=0 return_oop=0}
                      ; - java.lang.StringConcatHelper::newArray@22 (line 509)
                      ; - java.lang.StringConcatHelper::newArrayWithSuffix@7 (line 489)
                      ; - java.lang.invoke.DirectMethodHandle$Holder::invokeStatic@13
                      ; - java.lang.invoke.LambdaForm$MH/0x0000020e12010c00::invoke@23
                      ; - java.lang.invoke.LambdaForm$MH/0x0000020e1277e000::invoke@33
                      ; - java.lang.invoke.Invokers$Holder::linkToTargetMethod@5
                      ; - ui.views.waveform.c.a::muE@135 (line 492)
  0x0000020e017d5600: 7c94 cc05 

  0x0000020e017d5604: ;   {other}
  0x0000020e017d5604: 0f1f 8400 | 741c 0010 | 488b 8424 | 7801 0000 | e953 0600 

  0x0000020e017d5618: ;   {metadata('java/lang/OutOfMemoryError')}
  0x0000020e017d5618: 0048 ba48 | 3402 110e | 0200 0049 | 8b87 b801 | 0000 488d | 7828 493b | bfc8 0100 | 000f 8702 
  0x0000020e017d5638: 0600 0049 | 89bf b801 | 0000 48c7 | 0001 0000 | 0048 8bca | 49ba 0000 | 0011 0e02 | 0000 492b 
  0x0000020e017d5658: ca89 4808 | 4833 c989 | 480c 4833 | c948 8948 | 1048 8948 | 1848 8948 | 204c 8bc0 

  0x0000020e017d5674: ;   {metadata(method data for {method} {0x0000020e11424920} 'checkOverflow' '(J)J' in 'java/lang/StringConcatHelper')}
  0x0000020e017d5674: 48ba c0fe | 0652 0e02 | 0000 4883 | 8230 0100 

  0x0000020e017d5684: ;   {oop("Overflow: String length out of range"{0x00000007023ac6f0})}
  0x0000020e017d5684: 0001 49b8 | f0c6 3a02 | 0700 0000 | 488b d048 | 8984 2480 | 0100 000f 

  0x0000020e017d569c: ;   {optimized virtual_call}
  0x0000020e017d569c: 1f40 00e8 

  0x0000020e017d56a0: ; ImmutableOopMap {[384]=Oop }
                      ;*invokespecial <init> {reexecute=0 rethrow=0 return_oop=0}
                      ; - java.lang.StringConcatHelper::checkOverflow@13 (line 68)
                      ; - java.lang.StringConcatHelper::mix@7 (line 112)
                      ; - java.lang.invoke.DirectMethodHandle$Holder::invokeStatic@13
                      ; - java.lang.invoke.LambdaForm$MH/0x0000020e1277dc00::invoke@23
                      ; - java.lang.invoke.LambdaForm$MH/0x0000020e1277e000::invoke@15
                      ; - java.lang.invoke.Invokers$Holder::linkToTargetMethod@5
                      ; - ui.views.waveform.c.a::muE@135 (line 492)
  0x0000020e017d56a0: dc93 cc05 

  0x0000020e017d56a4: ;   {other}
  0x0000020e017d56a4: 0f1f 8400 | 141d 0011 | 488b 8424 | 8001 0000 | e9b3 0500 

  0x0000020e017d56b8: ;   {metadata({method} {0x0000020e94a7ce98} 'muE' '()V' in 'ui/views/waveform/c/a')}
  0x0000020e017d56b8: 0049 ba90 | cea7 940e | 0200 004c | 8954 2408 | 48c7 0424 | ffff ffff 

  0x0000020e017d56d0: ;   {runtime_call counter_overflow Runtime1 stub}
  0x0000020e017d56d0: e8ab 83d9 

  0x0000020e017d56d4: ; ImmutableOopMap {rdx=Oop [304]=Oop }
                      ;*synchronization entry
                      ; - ui.views.waveform.c.a::muE@-1 (line 465)
  0x0000020e017d56d4: 05e9 b5e7 

  0x0000020e017d56d8: ;   {runtime_call throw_null_pointer_exception Runtime1 stub}
  0x0000020e017d56d8: ffff e8a1 

  0x0000020e017d56dc: ; ImmutableOopMap {rdx=Oop [304]=Oop }
                      ;*getfield zqn {reexecute=1 rethrow=0 return_oop=0}
                      ; - (reexecute) ui.views.waveform.c.a::muE@4 (line 465)
                      ;   {runtime_call throw_null_pointer_exception Runtime1 stub}
  0x0000020e017d56dc: 32d9 05e8 

  0x0000020e017d56e0: ; ImmutableOopMap {rdx=Oop rsi=Oop [304]=Oop }
                      ;*invokevirtual mvk {reexecute=0 rethrow=0 return_oop=0}
                      ; - ui.views.waveform.c.a::muE@7 (line 465)
  0x0000020e017d56e0: 9c32 d905 

  0x0000020e017d56e4: ;   {metadata({method} {0x0000020e52691730} 'gjA' '()J' in 'ui/utils/s/d')}
  0x0000020e017d56e4: 49ba 2817 | 6952 0e02 | 0000 4c89 | 5424 0848 | c704 24ff 

  0x0000020e017d56f8: ;   {runtime_call counter_overflow Runtime1 stub}
  0x0000020e017d56f8: ffff ffe8 

  0x0000020e017d56fc: ; ImmutableOopMap {[304]=Oop [312]=Oop }
                      ;*synchronization entry
                      ; - ui.utils.s.d::gjA@-1 (line 380)
                      ; - ui.views.waveform.c.a::muE@16 (line 469)
  0x0000020e017d56fc: 8083 d905 | e943 e8ff | ff48 8bd2 

  0x0000020e017d5708: ;   {runtime_call fast_new_instance Runtime1 stub}
  0x0000020e017d5708: e873 3bd9 

  0x0000020e017d570c: ; ImmutableOopMap {[304]=Oop [312]=Oop }
                      ;*new {reexecute=0 rethrow=0 return_oop=0}
                      ; - ui.views.waveform.c.a::muE@20 (line 471)
  0x0000020e017d570c: 05e9 b4e8 

  0x0000020e017d5710: ;   {metadata({method} {0x0000020e110bd390} '<init>' '()V' in 'java/util/ArrayList')}
  0x0000020e017d5710: ffff 49ba | 88d3 0b11 | 0e02 0000 | 4c89 5424 | 0848 c704 | 24ff ffff 

  0x0000020e017d5728: ;   {runtime_call counter_overflow Runtime1 stub}
  0x0000020e017d5728: ffe8 5283 

  0x0000020e017d572c: ; ImmutableOopMap {rax=Oop [304]=Oop [312]=Oop }
                      ;*synchronization entry
                      ; - java.util.ArrayList::<init>@-1 (line 168)
                      ; - ui.views.waveform.c.a::muE@24 (line 471)
  0x0000020e017d572c: d905 e9d0 

  0x0000020e017d5730: ;   {metadata({method} {0x0000020e1105b948} '<init>' '()V' in 'java/util/AbstractList')}
  0x0000020e017d5730: e8ff ff49 | ba40 b905 | 110e 0200 | 004c 8954 | 2408 48c7 | 0424 ffff 

  0x0000020e017d5748: ;   {runtime_call counter_overflow Runtime1 stub}
  0x0000020e017d5748: ffff e831 

  0x0000020e017d574c: ; ImmutableOopMap {rax=Oop [304]=Oop [312]=Oop }
                      ;*synchronization entry
                      ; - java.util.AbstractList::<init>@-1 (line 80)
                      ; - java.util.ArrayList::<init>@1 (line 168)
                      ; - ui.views.waveform.c.a::muE@24 (line 471)
  0x0000020e017d574c: 83d9 05e9 | ece8 ffff 

  0x0000020e017d5754: ;   {metadata({method} {0x0000020e1105acf8} '<init>' '()V' in 'java/util/AbstractCollection')}
  0x0000020e017d5754: 49ba f0ac | 0511 0e02 | 0000 4c89 | 5424 0848 | c704 24ff 

  0x0000020e017d5768: ;   {runtime_call counter_overflow Runtime1 stub}
  0x0000020e017d5768: ffff ffe8 

  0x0000020e017d576c: ; ImmutableOopMap {rax=Oop [304]=Oop [312]=Oop }
                      ;*synchronization entry
                      ; - java.util.AbstractCollection::<init>@-1 (line 70)
                      ; - java.util.AbstractList::<init>@1 (line 80)
                      ; - java.util.ArrayList::<init>@1 (line 168)
                      ; - ui.views.waveform.c.a::muE@24 (line 471)
  0x0000020e017d576c: 1083 d905 | e908 e9ff 

  0x0000020e017d5774: ;   {metadata({method} {0x0000020e11479fd0} '<init>' '()V' in 'java/lang/Object')}
  0x0000020e017d5774: ff49 bac8 | 9f47 110e | 0200 004c | 8954 2408 | 48c7 0424 | ffff ffff 

  0x0000020e017d578c: ;   {runtime_call counter_overflow Runtime1 stub}
  0x0000020e017d578c: e8ef 82d9 

  0x0000020e017d5790: ; ImmutableOopMap {rax=Oop [304]=Oop [312]=Oop }
                      ;*synchronization entry
                      ; - java.lang.Object::<init>@-1 (line 45)
                      ; - java.util.AbstractCollection::<init>@1 (line 70)
                      ; - java.util.AbstractList::<init>@1 (line 80)
                      ; - java.util.ArrayList::<init>@1 (line 168)
                      ; - ui.views.waveform.c.a::muE@24 (line 471)
  0x0000020e017d5790: 05e9 24e9 | ffff 8b50 | 1448 c1e2 | 0348 83fa | 000f 8421 | e9ff ff48 

  0x0000020e017d57a8: ;   {runtime_call g1_pre_barrier_slow}
  0x0000020e017d57a8: 8914 24e8 | d088 d905 | e913 e9ff | ff48 83fa | 000f 8439 | e9ff ff48 

  0x0000020e017d57c0: ;   {runtime_call g1_post_barrier_slow}
  0x0000020e017d57c0: 8904 24e8 | b88b d905 | e92b e9ff | ff48 8bd2 

  0x0000020e017d57d0: ;   {runtime_call fast_new_instance Runtime1 stub}
  0x0000020e017d57d0: e8ab 3ad9 

  0x0000020e017d57d4: ; ImmutableOopMap {r11=Oop [304]=Oop [312]=Oop [328]=Oop }
                      ;*new {reexecute=0 rethrow=0 return_oop=0}
                      ; - ui.views.waveform.c.a::muE@37 (line 474)
  0x0000020e017d57d4: 05e9 d8e9 

  0x0000020e017d57d8: ;   {runtime_call throw_null_pointer_exception Runtime1 stub}
  0x0000020e017d57d8: ffff e8a1 

  0x0000020e017d57dc: ; ImmutableOopMap {r11=Oop rax=Oop r8=Oop [304]=Oop [312]=Oop [328]=Oop }
                      ;*invokevirtual mti {reexecute=0 rethrow=0 return_oop=0}
                      ; - ui.views.waveform.c.a::muE@47 (line 474)
                      ;   {metadata({method} {0x0000020e54e98370} 'mti' '()Lui/views/waveform/c/a;' in 'ui/views/waveform/t')}
  0x0000020e017d57dc: 31d9 0549 | ba68 83e9 | 540e 0200 | 004c 8954 | 2408 48c7 | 0424 ffff 

  0x0000020e017d57f4: ;   {runtime_call counter_overflow Runtime1 stub}
  0x0000020e017d57f4: ffff e885 

  0x0000020e017d57f8: ; ImmutableOopMap {r11=Oop rax=Oop r8=Oop [304]=Oop [312]=Oop [328]=Oop }
                      ;*synchronization entry
                      ; - ui.views.waveform.t::mti@-1 (line 599)
                      ; - ui.views.waveform.c.a::muE@47 (line 474)
  0x0000020e017d57f8: 82d9 05e9 | 10ea ffff 

  0x0000020e017d5800: ;   {runtime_call throw_null_pointer_exception Runtime1 stub}
  0x0000020e017d5800: e87b 31d9 

  0x0000020e017d5804: ; ImmutableOopMap {r11=Oop rax=Oop [304]=Oop [312]=Oop [328]=Oop }
                      ;*getfield zpk {reexecute=1 rethrow=0 return_oop=0}
                      ; - (reexecute) ui.views.waveform.t::mti@15 (line 599)
                      ; - ui.views.waveform.c.a::muE@47 (line 474)
  0x0000020e017d5804: 0544 8b82 | 0402 0000 | 49c1 e003 | 4983 f800 | 0f84 b9ea | ffff 4c89 

  0x0000020e017d581c: ;   {runtime_call g1_pre_barrier_slow}
  0x0000020e017d581c: 0424 e85d | 88d9 05e9 | abea ffff | 4883 f800 | 0f84 cbea | ffff 4889 

  0x0000020e017d5834: ;   {runtime_call g1_post_barrier_slow}
  0x0000020e017d5834: 1424 e845 | 8bd9 05e9 | bdea ffff | 448b 4028 | 49c1 e003 | 4983 f800 | 0f84 baea | ffff 4c89 
  0x0000020e017d5854: ;   {runtime_call g1_pre_barrier_slow}
  0x0000020e017d5854: 0424 e825 | 88d9 05e9 | acea ffff | 4883 ff00 | 0f84 c9ea | ffff 4889 

  0x0000020e017d586c: ;   {runtime_call g1_post_barrier_slow}
  0x0000020e017d586c: 0424 e80d | 8bd9 05e9 | bbea ffff | 448b 4044 | 49c1 e003 | 4983 f800 | 0f84 b8ea | ffff 4c89 
  0x0000020e017d588c: ;   {runtime_call g1_pre_barrier_slow}
  0x0000020e017d588c: 0424 e8ed | 87d9 05e9 | aaea ffff | 448b 4030 | 49c1 e003 | 4983 f800 | 0f84 aeea | ffff 4c89 
  0x0000020e017d58ac: ;   {runtime_call g1_pre_barrier_slow}
  0x0000020e017d58ac: 0424 e8cd | 87d9 05e9 | a0ea ffff 

  0x0000020e017d58b8: ;   {metadata({method} {0x0000020e94d80468} 'ch' '(Ljava/io/InputStream;)Z' in 'ui/data/r/a')}
  0x0000020e017d58b8: 49ba 6004 | d894 0e02 | 0000 4c89 | 5424 0848 | c704 24ff 

  0x0000020e017d58cc: ;   {runtime_call counter_overflow Runtime1 stub}
  0x0000020e017d58cc: ffff ffe8 

  0x0000020e017d58d0: ; ImmutableOopMap {rdx=Oop rax=Oop [304]=Oop [312]=Oop }
                      ;*synchronization entry
                      ; - ui.data.r.a::ch@-1 (line 293)
                      ; - ui.views.waveform.c.a::muE@86 (line 481)
  0x0000020e017d58d0: ac81 d905 | e9c5 eaff 

  0x0000020e017d58d8: ;   {runtime_call throw_null_pointer_exception Runtime1 stub}
  0x0000020e017d58d8: ffe8 a230 

  0x0000020e017d58dc: ; ImmutableOopMap {rdx=Oop rsi=Oop [304]=Oop }
                      ;*invokevirtual mti {reexecute=0 rethrow=0 return_oop=0}
                      ; - ui.views.waveform.c.a::muE@94 (line 482)
                      ;   {metadata({method} {0x0000020e54e98370} 'mti' '()Lui/views/waveform/c/a;' in 'ui/views/waveform/t')}
  0x0000020e017d58dc: d905 49ba | 6883 e954 | 0e02 0000 | 4c89 5424 | 0848 c704 | 24ff ffff 

  0x0000020e017d58f4: ;   {runtime_call counter_overflow Runtime1 stub}
  0x0000020e017d58f4: ffe8 8681 

  0x0000020e017d58f8: ; ImmutableOopMap {rdx=Oop rsi=Oop [304]=Oop }
                      ;*synchronization entry
                      ; - ui.views.waveform.t::mti@-1 (line 599)
                      ; - ui.views.waveform.c.a::muE@94 (line 482)
  0x0000020e017d58f8: d905 e97d 

  0x0000020e017d58fc: ;   {runtime_call throw_null_pointer_exception Runtime1 stub}
  0x0000020e017d58fc: ebff ffe8 

  0x0000020e017d5900: ; ImmutableOopMap {rdx=Oop [304]=Oop }
                      ;*getfield zpk {reexecute=1 rethrow=0 return_oop=0}
                      ; - (reexecute) ui.views.waveform.t::mti@15 (line 599)
                      ; - ui.views.waveform.c.a::muE@94 (line 482)
  0x0000020e017d5900: 7c30 d905 

  0x0000020e017d5904: ;   {runtime_call throw_null_pointer_exception Runtime1 stub}
  0x0000020e017d5904: e877 30d9 

  0x0000020e017d5908: ; ImmutableOopMap {rsi=Oop [304]=Oop }
                      ;*invokevirtual revalidate {reexecute=0 rethrow=0 return_oop=0}
                      ; - ui.views.waveform.c.a::muE@97 (line 482)
  0x0000020e017d5908: 0544 8b46 | 2849 c1e0 | 0349 83f8 | 000f 84a9 | ecff ff4c 

  0x0000020e017d591c: ;   {runtime_call g1_pre_barrier_slow}
  0x0000020e017d591c: 8904 24e8 | 5c87 d905 | e99b ecff 

  0x0000020e017d5928: ;   {runtime_call throw_null_pointer_exception Runtime1 stub}
  0x0000020e017d5928: ffe8 5230 

  0x0000020e017d592c: ; ImmutableOopMap {rsi=Oop rdi=Oop rbx=Oop [304]=Oop [312]=Oop }
                      ;*putfield iIw {reexecute=1 rethrow=0 return_oop=0}
                      ; - (reexecute) ui.views.waveform.c.a::muE@109 (line 485)
  0x0000020e017d592c: d905 4883 | ff00 0f84 | abec ffff | 4889 3424 

  0x0000020e017d593c: ;   {runtime_call g1_post_barrier_slow}
  0x0000020e017d593c: e83f 8ad9 | 05e9 9dec 

  0x0000020e017d5944: ;   {metadata({method} {0x0000020e52fd9be8} 'iOO' '()V' in 'ui/frmwork/b/b')}
  0x0000020e017d5944: ffff 49ba | e09b fd52 | 0e02 0000 | 4c89 5424 | 0848 c704 | 24ff ffff 

  0x0000020e017d595c: ;   {runtime_call counter_overflow Runtime1 stub}
  0x0000020e017d595c: ffe8 1e81 

  0x0000020e017d5960: ; ImmutableOopMap {[304]=Oop }
                      ;*synchronization entry
                      ; - ui.frmwork.b.b::iOO@-1 (line 1202)
                      ; - ui.views.waveform.c.a::muE@127 (line 490)
  0x0000020e017d5960: d905 e99d 

  0x0000020e017d5964: ;   {metadata({method} {0x0000020e52691730} 'gjA' '()J' in 'ui/utils/s/d')}
  0x0000020e017d5964: edff ff49 | ba28 1769 | 520e 0200 | 004c 8954 | 2408 48c7 | 0424 ffff 

  0x0000020e017d597c: ;   {runtime_call counter_overflow Runtime1 stub}
  0x0000020e017d597c: ffff e8fd 

  0x0000020e017d5980: ; ImmutableOopMap {}
                      ;*synchronization entry
                      ; - ui.utils.s.d::gjA@-1 (line 380)
                      ; - ui.views.waveform.c.a::muE@130 (line 492)
  0x0000020e017d5980: 80d9 05e9 | ceee ffff 

  0x0000020e017d5988: ;   {metadata({method} {0x0000020e110aff60} 'linkToTargetMethod' '(JLjava/lang/Object;)Ljava/lang/Object;' in 'java/lang/invoke/Invokers$Holder')}
  0x0000020e017d5988: 49ba 58ff | 0a11 0e02 | 0000 4c89 | 5424 0848 | c704 24ff 

  0x0000020e017d599c: ;   {runtime_call counter_overflow Runtime1 stub}
  0x0000020e017d599c: ffff ffe8 

  0x0000020e017d59a0: ; ImmutableOopMap {rsi=Oop }
                      ;*synchronization entry
                      ; - java.lang.invoke.Invokers$Holder::linkToTargetMethod@-1
                      ; - ui.views.waveform.c.a::muE@135 (line 492)
  0x0000020e017d59a0: dc80 d905 | e947 efff 

  0x0000020e017d59a8: ;   {metadata({method} {0x0000020e55022b48} 'invoke' '(Ljava/lang/Object;J)Ljava/lang/Object;' in 'java/lang/invoke/LambdaForm$MH+0x0000020e1277e000')}
  0x0000020e017d59a8: ff49 ba40 | 2b02 550e | 0200 004c | 8954 2408 | 48c7 0424 | ffff ffff 

  0x0000020e017d59c0: ;   {runtime_call counter_overflow Runtime1 stub}
  0x0000020e017d59c0: e8bb 80d9 

  0x0000020e017d59c4: ; ImmutableOopMap {}
                      ;*synchronization entry
                      ; - java.lang.invoke.LambdaForm$MH/0x0000020e1277e000::invoke@-1
                      ; - java.lang.invoke.Invokers$Holder::linkToTargetMethod@5
                      ; - ui.views.waveform.c.a::muE@135 (line 492)
  0x0000020e017d59c4: 05e9 7aef 

  0x0000020e017d59c8: ;   {metadata({method} {0x0000020e550222a0} 'invoke' '(Ljava/lang/Object;J)J' in 'java/lang/invoke/LambdaForm$MH+0x0000020e1277dc00')}
  0x0000020e017d59c8: ffff 49ba | 9822 0255 | 0e02 0000 | 4c89 5424 | 0848 c704 | 24ff ffff 

  0x0000020e017d59e0: ;   {runtime_call counter_overflow Runtime1 stub}
  0x0000020e017d59e0: ffe8 9a80 

  0x0000020e017d59e4: ; ImmutableOopMap {}
                      ;*synchronization entry
                      ; - java.lang.invoke.LambdaForm$MH/0x0000020e1277dc00::invoke@-1
                      ; - java.lang.invoke.LambdaForm$MH/0x0000020e1277e000::invoke@15
                      ; - java.lang.invoke.Invokers$Holder::linkToTargetMethod@5
                      ; - ui.views.waveform.c.a::muE@135 (line 492)
  0x0000020e017d59e4: d905 e9b7 

  0x0000020e017d59e8: ;   {metadata({method} {0x0000020e110b4ff0} 'invokeStatic' '(Ljava/lang/Object;JJ)J' in 'java/lang/invoke/DirectMethodHandle$Holder')}
  0x0000020e017d59e8: efff ff49 | bae8 4f0b | 110e 0200 | 004c 8954 | 2408 48c7 | 0424 ffff 

  0x0000020e017d5a00: ;   {runtime_call counter_overflow Runtime1 stub}
  0x0000020e017d5a00: ffff e879 

  0x0000020e017d5a04: ; ImmutableOopMap {rsi=Oop }
                      ;*synchronization entry
                      ; - java.lang.invoke.DirectMethodHandle$Holder::invokeStatic@-1
                      ; - java.lang.invoke.LambdaForm$MH/0x0000020e1277dc00::invoke@23
                      ; - java.lang.invoke.LambdaForm$MH/0x0000020e1277e000::invoke@15
                      ; - java.lang.invoke.Invokers$Holder::linkToTargetMethod@5
                      ; - ui.views.waveform.c.a::muE@135 (line 492)
  0x0000020e017d5a04: 80d9 05e9 | f7ef ffff 

  0x0000020e017d5a0c: ;   {metadata({method} {0x0000020e110a3038} 'internalMemberName' '(Ljava/lang/Object;)Ljava/lang/Object;' in 'java/lang/invoke/DirectMethodHandle')}
  0x0000020e017d5a0c: 49ba 3030 | 0a11 0e02 | 0000 4c89 | 5424 0848 | c704 24ff 

  0x0000020e017d5a20: ;   {runtime_call counter_overflow Runtime1 stub}
  0x0000020e017d5a20: ffff ffe8 

  0x0000020e017d5a24: ; ImmutableOopMap {}
                      ;*synchronization entry
                      ; - java.lang.invoke.DirectMethodHandle::internalMemberName@-1 (line 327)
                      ; - java.lang.invoke.DirectMethodHandle$Holder::invokeStatic@1
                      ; - java.lang.invoke.LambdaForm$MH/0x0000020e1277dc00::invoke@23
                      ; - java.lang.invoke.LambdaForm$MH/0x0000020e1277e000::invoke@15
                      ; - java.lang.invoke.Invokers$Holder::linkToTargetMethod@5
                      ; - ui.views.waveform.c.a::muE@135 (line 492)
  0x0000020e017d5a24: 5880 d905 | e92b f0ff 

  0x0000020e017d5a2c: ;   {metadata({method} {0x0000020e11424ef8} 'mix' '(JJ)J' in 'java/lang/StringConcatHelper')}
  0x0000020e017d5a2c: ff49 baf0 | 4e42 110e | 0200 004c | 8954 2408 | 48c7 0424 | ffff ffff 

  0x0000020e017d5a44: ;   {runtime_call counter_overflow Runtime1 stub}
  0x0000020e017d5a44: e837 80d9 

  0x0000020e017d5a48: ; ImmutableOopMap {}
                      ;*synchronization entry
                      ; - java.lang.StringConcatHelper::mix@-1 (line 112)
                      ; - java.lang.invoke.DirectMethodHandle$Holder::invokeStatic@13
                      ; - java.lang.invoke.LambdaForm$MH/0x0000020e1277dc00::invoke@23
                      ; - java.lang.invoke.LambdaForm$MH/0x0000020e1277e000::invoke@15
                      ; - java.lang.invoke.Invokers$Holder::linkToTargetMethod@5
                      ; - ui.views.waveform.c.a::muE@135 (line 492)
  0x0000020e017d5a48: 05e9 68f0 

  0x0000020e017d5a4c: ;   {metadata({method} {0x0000020e11424920} 'checkOverflow' '(J)J' in 'java/lang/StringConcatHelper')}
  0x0000020e017d5a4c: ffff 49ba | 1849 4211 | 0e02 0000 | 4c89 5424 | 0848 c704 | 24ff ffff 

  0x0000020e017d5a64: ;   {runtime_call counter_overflow Runtime1 stub}
  0x0000020e017d5a64: ffe8 1680 

  0x0000020e017d5a68: ; ImmutableOopMap {}
                      ;*synchronization entry
                      ; - java.lang.StringConcatHelper::checkOverflow@-1 (line 65)
                      ; - java.lang.StringConcatHelper::mix@7 (line 112)
                      ; - java.lang.invoke.DirectMethodHandle$Holder::invokeStatic@13
                      ; - java.lang.invoke.LambdaForm$MH/0x0000020e1277dc00::invoke@23
                      ; - java.lang.invoke.LambdaForm$MH/0x0000020e1277e000::invoke@15
                      ; - java.lang.invoke.Invokers$Holder::linkToTargetMethod@5
                      ; - ui.views.waveform.c.a::muE@135 (line 492)
  0x0000020e017d5a68: d905 e9c4 

  0x0000020e017d5a6c: ;   {metadata({method} {0x0000020e52470e90} 'invoke' '(Ljava/lang/Object;J)Ljava/lang/Object;' in 'java/lang/invoke/LambdaForm$MH+0x0000020e12010c00')}
  0x0000020e017d5a6c: f0ff ff49 | ba88 0e47 | 520e 0200 | 004c 8954 | 2408 48c7 | 0424 ffff 

  0x0000020e017d5a84: ;   {runtime_call counter_overflow Runtime1 stub}
  0x0000020e017d5a84: ffff e8f5 

  0x0000020e017d5a88: ; ImmutableOopMap {}
                      ;*synchronization entry
                      ; - java.lang.invoke.LambdaForm$MH/0x0000020e12010c00::invoke@-1
                      ; - java.lang.invoke.LambdaForm$MH/0x0000020e1277e000::invoke@33
                      ; - java.lang.invoke.Invokers$Holder::linkToTargetMethod@5
                      ; - ui.views.waveform.c.a::muE@135 (line 492)
  0x0000020e017d5a88: 7fd9 05e9 | 41f1 ffff 

  0x0000020e017d5a90: ;   {metadata({method} {0x0000020e110b4390} 'invokeStatic' '(Ljava/lang/Object;Ljava/lang/Object;J)Ljava/lang/Object;' in 'java/lang/invoke/DirectMethodHandle$Holder')}
  0x0000020e017d5a90: 49ba 8843 | 0b11 0e02 | 0000 4c89 | 5424 0848 | c704 24ff 

  0x0000020e017d5aa4: ;   {runtime_call counter_overflow Runtime1 stub}
  0x0000020e017d5aa4: ffff ffe8 

  0x0000020e017d5aa8: ; ImmutableOopMap {r8=Oop r9=Oop }
                      ;*synchronization entry
                      ; - java.lang.invoke.DirectMethodHandle$Holder::invokeStatic@-1
                      ; - java.lang.invoke.LambdaForm$MH/0x0000020e12010c00::invoke@23
                      ; - java.lang.invoke.LambdaForm$MH/0x0000020e1277e000::invoke@33
                      ; - java.lang.invoke.Invokers$Holder::linkToTargetMethod@5
                      ; - ui.views.waveform.c.a::muE@135 (line 492)
  0x0000020e017d5aa8: d47f d905 | e9b6 f1ff 

  0x0000020e017d5ab0: ;   {metadata({method} {0x0000020e110a3038} 'internalMemberName' '(Ljava/lang/Object;)Ljava/lang/Object;' in 'java/lang/invoke/DirectMethodHandle')}
  0x0000020e017d5ab0: ff49 ba30 | 300a 110e | 0200 004c | 8954 2408 | 48c7 0424 | ffff ffff 

  0x0000020e017d5ac8: ;   {runtime_call counter_overflow Runtime1 stub}
  0x0000020e017d5ac8: e8b3 7fd9 

  0x0000020e017d5acc: ; ImmutableOopMap {r8=Oop }
                      ;*synchronization entry
                      ; - java.lang.invoke.DirectMethodHandle::internalMemberName@-1 (line 327)
                      ; - java.lang.invoke.DirectMethodHandle$Holder::invokeStatic@1
                      ; - java.lang.invoke.LambdaForm$MH/0x0000020e12010c00::invoke@23
                      ; - java.lang.invoke.LambdaForm$MH/0x0000020e1277e000::invoke@33
                      ; - java.lang.invoke.Invokers$Holder::linkToTargetMethod@5
                      ; - ui.views.waveform.c.a::muE@135 (line 492)
  0x0000020e017d5acc: 05e9 eff1 

  0x0000020e017d5ad0: ;   {metadata({method} {0x0000020e11424818} 'newArrayWithSuffix' '(Ljava/lang/String;J)[B' in 'java/lang/StringConcatHelper')}
  0x0000020e017d5ad0: ffff 49ba | 1048 4211 | 0e02 0000 | 4c89 5424 | 0848 c704 | 24ff ffff 

  0x0000020e017d5ae8: ;   {runtime_call counter_overflow Runtime1 stub}
  0x0000020e017d5ae8: ffe8 927f 

  0x0000020e017d5aec: ; ImmutableOopMap {r8=Oop }
                      ;*synchronization entry
                      ; - java.lang.StringConcatHelper::newArrayWithSuffix@-1 (line 489)
                      ; - java.lang.invoke.DirectMethodHandle$Holder::invokeStatic@13
                      ; - java.lang.invoke.LambdaForm$MH/0x0000020e12010c00::invoke@23
                      ; - java.lang.invoke.LambdaForm$MH/0x0000020e1277e000::invoke@33
                      ; - java.lang.invoke.Invokers$Holder::linkToTargetMethod@5
                      ; - ui.views.waveform.c.a::muE@135 (line 492)
  0x0000020e017d5aec: d905 e94f 

  0x0000020e017d5af0: ;   {metadata({method} {0x0000020e1100eee0} 'length' '()I' in 'java/lang/String')}
  0x0000020e017d5af0: f2ff ff49 | bad8 ee00 | 110e 0200 | 004c 8954 | 2408 48c7 | 0424 ffff 

  0x0000020e017d5b08: ;   {runtime_call counter_overflow Runtime1 stub}
  0x0000020e017d5b08: ffff e871 

  0x0000020e017d5b0c: ; ImmutableOopMap {r8=Oop }
                      ;*synchronization entry
                      ; - java.lang.String::length@-1 (line 1519)
                      ; - java.lang.StringConcatHelper::newArrayWithSuffix@2 (line 489)
                      ; - java.lang.invoke.DirectMethodHandle$Holder::invokeStatic@13
                      ; - java.lang.invoke.LambdaForm$MH/0x0000020e12010c00::invoke@23
                      ; - java.lang.invoke.LambdaForm$MH/0x0000020e1277e000::invoke@33
                      ; - java.lang.invoke.Invokers$Holder::linkToTargetMethod@5
                      ; - ui.views.waveform.c.a::muE@135 (line 492)
  0x0000020e017d5b0c: 7fd9 05e9 | 70f2 ffff 

  0x0000020e017d5b14: ;   {metadata({method} {0x0000020e1145a188} 'coder' '()B' in 'java/lang/String')}
  0x0000020e017d5b14: 49ba 80a1 | 4511 0e02 | 0000 4c89 | 5424 0848 | c704 24ff 

  0x0000020e017d5b28: ;   {runtime_call counter_overflow Runtime1 stub}
  0x0000020e017d5b28: ffff ffe8 

  0x0000020e017d5b2c: ; ImmutableOopMap {}
                      ;*synchronization entry
                      ; - java.lang.String::coder@-1 (line 4809)
                      ; - java.lang.String::length@6 (line 1519)
                      ; - java.lang.StringConcatHelper::newArrayWithSuffix@2 (line 489)
                      ; - java.lang.invoke.DirectMethodHandle$Holder::invokeStatic@13
                      ; - java.lang.invoke.LambdaForm$MH/0x0000020e12010c00::invoke@23
                      ; - java.lang.invoke.LambdaForm$MH/0x0000020e1277e000::invoke@33
                      ; - java.lang.invoke.Invokers$Holder::linkToTargetMethod@5
                      ; - ui.views.waveform.c.a::muE@135 (line 492)
  0x0000020e017d5b2c: 507f d905 | e98e f2ff 

  0x0000020e017d5b34: ;   {metadata({method} {0x0000020e11425160} 'newArray' '(J)[B' in 'java/lang/StringConcatHelper')}
  0x0000020e017d5b34: ff49 ba58 | 5142 110e | 0200 004c | 8954 2408 | 48c7 0424 | ffff ffff 

  0x0000020e017d5b4c: ;   {runtime_call counter_overflow Runtime1 stub}
  0x0000020e017d5b4c: e82f 7fd9 

  0x0000020e017d5b50: ; ImmutableOopMap {}
                      ;*synchronization entry
                      ; - java.lang.StringConcatHelper::newArray@-1 (line 506)
                      ; - java.lang.StringConcatHelper::newArrayWithSuffix@7 (line 489)
                      ; - java.lang.invoke.DirectMethodHandle$Holder::invokeStatic@13
                      ; - java.lang.invoke.LambdaForm$MH/0x0000020e12010c00::invoke@23
                      ; - java.lang.invoke.LambdaForm$MH/0x0000020e1277e000::invoke@33
                      ; - java.lang.invoke.Invokers$Holder::linkToTargetMethod@5
                      ; - ui.views.waveform.c.a::muE@135 (line 492)
  0x0000020e017d5b50: 05e9 dcf2 | ffff 4889 

  0x0000020e017d5b58: ;   {runtime_call throw_class_cast_exception Runtime1 stub}
  0x0000020e017d5b58: 0424 e821 

  0x0000020e017d5b5c: ; ImmutableOopMap {}
                      ;*checkcast {reexecute=0 rethrow=0 return_oop=0}
                      ; - java.lang.StringConcatHelper::newArray@36 (line 511)
                      ; - java.lang.StringConcatHelper::newArrayWithSuffix@7 (line 489)
                      ; - java.lang.invoke.DirectMethodHandle$Holder::invokeStatic@13
                      ; - java.lang.invoke.LambdaForm$MH/0x0000020e12010c00::invoke@23
                      ; - java.lang.invoke.LambdaForm$MH/0x0000020e1277e000::invoke@33
                      ; - java.lang.invoke.Invokers$Holder::linkToTargetMethod@5
                      ; - ui.views.waveform.c.a::muE@135 (line 492)
                      ;   {metadata({method} {0x0000020e55020a98} 'invoke' '(Ljava/lang/Object;JLjava/lang/Object;J)J' in 'java/lang/invoke/LambdaForm$MH+0x0000020e1277d000')}
  0x0000020e017d5b5c: 52d9 0549 | ba90 0a02 | 550e 0200 | 004c 8954 | 2408 48c7 | 0424 ffff 

  0x0000020e017d5b74: ;   {runtime_call counter_overflow Runtime1 stub}
  0x0000020e017d5b74: ffff e805 

  0x0000020e017d5b78: ; ImmutableOopMap {rsi=Oop [368]=Oop }
                      ;*synchronization entry
                      ; - java.lang.invoke.LambdaForm$MH/0x0000020e1277d000::invoke@-1
                      ; - java.lang.invoke.LambdaForm$MH/0x0000020e1277e000::invoke@54
                      ; - java.lang.invoke.Invokers$Holder::linkToTargetMethod@5
                      ; - ui.views.waveform.c.a::muE@135 (line 492)
  0x0000020e017d5b78: 7fd9 05e9 | 19f6 ffff 

  0x0000020e017d5b80: ;   {metadata({method} {0x0000020e110b4ee8} 'invokeStatic' '(Ljava/lang/Object;JLjava/lang/Object;JLjava/lang/Object;)J' in 'java/lang/invoke/DirectMethodHandle$Holder')}
  0x0000020e017d5b80: 49ba e04e | 0b11 0e02 | 0000 4c89 | 5424 0848 | c704 24ff 

  0x0000020e017d5b94: ;   {runtime_call counter_overflow Runtime1 stub}
  0x0000020e017d5b94: ffff ffe8 

  0x0000020e017d5b98: ; ImmutableOopMap {rsi=Oop r8=Oop [368]=Oop }
                      ;*synchronization entry
                      ; - java.lang.invoke.DirectMethodHandle$Holder::invokeStatic@-1
                      ; - java.lang.invoke.LambdaForm$MH/0x0000020e1277d000::invoke@28
                      ; - java.lang.invoke.LambdaForm$MH/0x0000020e1277e000::invoke@54
                      ; - java.lang.invoke.Invokers$Holder::linkToTargetMethod@5
                      ; - ui.views.waveform.c.a::muE@135 (line 492)
  0x0000020e017d5b98: e47e d905 | e989 f6ff 

  0x0000020e017d5ba0: ;   {metadata({method} {0x0000020e110a3038} 'internalMemberName' '(Ljava/lang/Object;)Ljava/lang/Object;' in 'java/lang/invoke/DirectMethodHandle')}
  0x0000020e017d5ba0: ff49 ba30 | 300a 110e | 0200 004c | 8954 2408 | 48c7 0424 | ffff ffff 

  0x0000020e017d5bb8: ;   {runtime_call counter_overflow Runtime1 stub}
  0x0000020e017d5bb8: e8c3 7ed9 

  0x0000020e017d5bbc: ; ImmutableOopMap {rsi=Oop [368]=Oop }
                      ;*synchronization entry
                      ; - java.lang.invoke.DirectMethodHandle::internalMemberName@-1 (line 327)
                      ; - java.lang.invoke.DirectMethodHandle$Holder::invokeStatic@1
                      ; - java.lang.invoke.LambdaForm$MH/0x0000020e1277d000::invoke@28
                      ; - java.lang.invoke.LambdaForm$MH/0x0000020e1277e000::invoke@54
                      ; - java.lang.invoke.Invokers$Holder::linkToTargetMethod@5
                      ; - ui.views.waveform.c.a::muE@135 (line 492)
  0x0000020e017d5bbc: 05e9 c2f6 

  0x0000020e017d5bc0: ;   {metadata({method} {0x0000020e110b4390} 'invokeStatic' '(Ljava/lang/Object;Ljava/lang/Object;J)Ljava/lang/Object;' in 'java/lang/invoke/DirectMethodHandle$Holder')}
  0x0000020e017d5bc0: ffff 49ba | 8843 0b11 | 0e02 0000 | 4c89 5424 | 0848 c704 | 24ff ffff 

  0x0000020e017d5bd8: ;   {runtime_call counter_overflow Runtime1 stub}
  0x0000020e017d5bd8: ffe8 a27e 

  0x0000020e017d5bdc: ; ImmutableOopMap {rsi=Oop r8=Oop [368]=Oop }
                      ;*synchronization entry
                      ; - java.lang.invoke.DirectMethodHandle$Holder::invokeStatic@-1
                      ; - java.lang.invoke.LambdaForm$MH/0x0000020e1277e000::invoke@74
                      ; - java.lang.invoke.Invokers$Holder::linkToTargetMethod@5
                      ; - ui.views.waveform.c.a::muE@135 (line 492)
  0x0000020e017d5bdc: d905 e9d2 

  0x0000020e017d5be0: ;   {metadata({method} {0x0000020e110a3038} 'internalMemberName' '(Ljava/lang/Object;)Ljava/lang/Object;' in 'java/lang/invoke/DirectMethodHandle')}
  0x0000020e017d5be0: f7ff ff49 | ba30 300a | 110e 0200 | 004c 8954 | 2408 48c7 | 0424 ffff 

  0x0000020e017d5bf8: ;   {runtime_call counter_overflow Runtime1 stub}
  0x0000020e017d5bf8: ffff e881 

  0x0000020e017d5bfc: ; ImmutableOopMap {rsi=Oop [368]=Oop }
                      ;*synchronization entry
                      ; - java.lang.invoke.DirectMethodHandle::internalMemberName@-1 (line 327)
                      ; - java.lang.invoke.DirectMethodHandle$Holder::invokeStatic@1
                      ; - java.lang.invoke.LambdaForm$MH/0x0000020e1277e000::invoke@74
                      ; - java.lang.invoke.Invokers$Holder::linkToTargetMethod@5
                      ; - ui.views.waveform.c.a::muE@135 (line 492)
  0x0000020e017d5bfc: 7ed9 05e9 | 0bf8 ffff 

  0x0000020e017d5c04: ;   {internal_word}
  0x0000020e017d5c04: 49ba 5455 | 7d01 0e02 | 0000 4d89 | 9768 0400 

  0x0000020e017d5c14: ;   {runtime_call SafepointBlob}
  0x0000020e017d5c14: 00e9 e6fa 

  0x0000020e017d5c18: ;   {internal_word}
  0x0000020e017d5c18: cc05 49ba | 6a55 7d01 | 0e02 0000 | 4d89 9768 

  0x0000020e017d5c28: ;   {runtime_call SafepointBlob}
  0x0000020e017d5c28: 0400 00e9 | d0fa cc05 

  0x0000020e017d5c30: ;   {runtime_call fast_new_instance Runtime1 stub}
  0x0000020e017d5c30: 488b d2e8 

  0x0000020e017d5c34: ; ImmutableOopMap {}
                      ;*new {reexecute=0 rethrow=0 return_oop=0}
                      ; - java.lang.StringConcatHelper::newArray@16 (line 509)
                      ; - java.lang.StringConcatHelper::newArrayWithSuffix@7 (line 489)
                      ; - java.lang.invoke.DirectMethodHandle$Holder::invokeStatic@13
                      ; - java.lang.invoke.LambdaForm$MH/0x0000020e12010c00::invoke@23
                      ; - java.lang.invoke.LambdaForm$MH/0x0000020e1277e000::invoke@33
                      ; - java.lang.invoke.Invokers$Holder::linkToTargetMethod@5
                      ; - ui.views.waveform.c.a::muE@135 (line 492)
  0x0000020e017d5c34: 4836 d905 | e993 f9ff | ff48 8bd2 

  0x0000020e017d5c40: ;   {runtime_call fast_new_instance Runtime1 stub}
  0x0000020e017d5c40: e83b 36d9 

  0x0000020e017d5c44: ; ImmutableOopMap {}
                      ;*new {reexecute=0 rethrow=0 return_oop=0}
                      ; - java.lang.StringConcatHelper::checkOverflow@7 (line 68)
                      ; - java.lang.StringConcatHelper::mix@7 (line 112)
                      ; - java.lang.invoke.DirectMethodHandle$Holder::invokeStatic@13
                      ; - java.lang.invoke.LambdaForm$MH/0x0000020e1277dc00::invoke@23
                      ; - java.lang.invoke.LambdaForm$MH/0x0000020e1277e000::invoke@15
                      ; - java.lang.invoke.Invokers$Holder::linkToTargetMethod@5
                      ; - ui.views.waveform.c.a::muE@135 (line 492)
  0x0000020e017d5c44: 05e9 27fa 

  0x0000020e017d5c48: ;   {runtime_call throw_null_pointer_exception Runtime1 stub}
  0x0000020e017d5c48: ffff e831 

  0x0000020e017d5c4c: ; ImmutableOopMap {rsi=Oop rdi=Oop rbx=Oop [304]=Oop [312]=Oop }
                      ;*putfield iIw {reexecute=1 rethrow=0 return_oop=0}
                      ; - (reexecute) ui.views.waveform.c.a::muE@109 (line 485)
  0x0000020e017d5c4c: 2dd9 0549 | 8b87 0005 | 0000 49c7 | 8700 0500 | 0000 0000 | 0049 c787 | 0805 0000 | 0000 0000 
  0x0000020e017d5c6c: 4881 c490 | 0100 005d 

  0x0000020e017d5c74: ;   {runtime_call unwind_exception Runtime1 stub}
  0x0000020e017d5c74: e907 1ed9 | 05f4 f4f4 | f4f4 f4f4 
[Stub Code]
  0x0000020e017d5c80: ;   {no_reloc}
  0x0000020e017d5c80: 0f1f 4400 

  0x0000020e017d5c84: ;   {static_stub}
  0x0000020e017d5c84: 0048 bb00 | 0000 0000 

  0x0000020e017d5c8c: ;   {runtime_call}
  0x0000020e017d5c8c: 0000 00e9 | fbff ffff 

  0x0000020e017d5c94: ;   {static_stub}
  0x0000020e017d5c94: 9048 bb00 | 0000 0000 

  0x0000020e017d5c9c: ;   {runtime_call}
  0x0000020e017d5c9c: 0000 00e9 | fbff ffff 

  0x0000020e017d5ca4: ;   {static_stub}
  0x0000020e017d5ca4: 9048 bb00 | 0000 0000 

  0x0000020e017d5cac: ;   {runtime_call}
  0x0000020e017d5cac: 0000 00e9 | fbff ffff 

  0x0000020e017d5cb4: ;   {static_stub}
  0x0000020e017d5cb4: 9048 bb00 | 0000 0000 

  0x0000020e017d5cbc: ;   {runtime_call}
  0x0000020e017d5cbc: 0000 00e9 | fbff ffff 

  0x0000020e017d5cc4: ;   {static_stub}
  0x0000020e017d5cc4: 48bb 0000 | 0000 0000 

  0x0000020e017d5ccc: ;   {runtime_call}
  0x0000020e017d5ccc: 0000 e9fb 

  0x0000020e017d5cd0: ;   {static_stub}
  0x0000020e017d5cd0: ffff ff48 | bb00 0000 | 0000 0000 

  0x0000020e017d5cdc: ;   {runtime_call}
  0x0000020e017d5cdc: 00e9 fbff 

  0x0000020e017d5ce0: ;   {static_stub}
  0x0000020e017d5ce0: ffff 48bb | 0000 0000 | 0000 0000 

  0x0000020e017d5cec: ;   {runtime_call}
  0x0000020e017d5cec: e9fb ffff 

  0x0000020e017d5cf0: ;   {static_stub}
  0x0000020e017d5cf0: ff48 bb00 | 0000 0000 

  0x0000020e017d5cf8: ;   {runtime_call}
  0x0000020e017d5cf8: 0000 00e9 | fbff ffff 

  0x0000020e017d5d00: ;   {static_stub}
  0x0000020e017d5d00: 48bb 0000 | 0000 0000 

  0x0000020e017d5d08: ;   {runtime_call}
  0x0000020e017d5d08: 0000 e9fb 

  0x0000020e017d5d0c: ;   {static_stub}
  0x0000020e017d5d0c: ffff ff48 | bb00 0000 | 0000 0000 

  0x0000020e017d5d18: ;   {runtime_call}
  0x0000020e017d5d18: 00e9 fbff 

  0x0000020e017d5d1c: ;   {static_stub}
  0x0000020e017d5d1c: ffff 48bb | 0000 0000 | 0000 0000 

  0x0000020e017d5d28: ;   {runtime_call}
  0x0000020e017d5d28: e9fb ffff 

  0x0000020e017d5d2c: ;   {static_stub}
  0x0000020e017d5d2c: ff48 bb00 | 0000 0000 

  0x0000020e017d5d34: ;   {runtime_call}
  0x0000020e017d5d34: 0000 00e9 | fbff ffff 

  0x0000020e017d5d3c: ;   {static_stub}
  0x0000020e017d5d3c: 48bb c8f4 | d794 0e02 

  0x0000020e017d5d44: ;   {runtime_call I2C/C2I adapters}
  0x0000020e017d5d44: 0000 e920 

  0x0000020e017d5d48: ;   {static_stub}
  0x0000020e017d5d48: 50cc 0548 | bb90 0fd8 | 940e 0200 

  0x0000020e017d5d54: ;   {runtime_call I2C/C2I adapters}
  0x0000020e017d5d54: 00e9 8de4 

  0x0000020e017d5d58: ;   {static_stub}
  0x0000020e017d5d58: cc05 48bb | c00c d894 | 0e02 0000 

  0x0000020e017d5d64: ;   {runtime_call I2C/C2I adapters}
  0x0000020e017d5d64: e97e e4cc 

  0x0000020e017d5d68: ;   {static_stub}
  0x0000020e017d5d68: 0548 bb30 | a0fd 520e 

  0x0000020e017d5d70: ;   {runtime_call I2C/C2I adapters}
  0x0000020e017d5d70: 0200 00e9 | 6fe4 cc05 
[Exception Handler]
  0x0000020e017d5d78: ;   {runtime_call handle_exception_from_callee Runtime1 stub}
  0x0000020e017d5d78: e803 4ad9 

  0x0000020e017d5d7c: ;   {external_word}
  0x0000020e017d5d7c: 0548 b950 | e088 13f8 | 7f00 0048 

  0x0000020e017d5d88: ;   {runtime_call}
  0x0000020e017d5d88: 83e4 f048 | b850 ef4b | 13f8 7f00 | 00ff d0f4 
[Deopt Handler Code]
  0x0000020e017d5d98: ;   {section_word}
  0x0000020e017d5d98: 49ba 985d | 7d01 0e02 | 0000 4152 

  0x0000020e017d5da4: ;   {runtime_call DeoptimizationBlob}
  0x0000020e017d5da4: e9f7 ebcc 

  0x0000020e017d5da8: ;   {section_word}
  0x0000020e017d5da8: 0549 baa9 | 5d7d 010e | 0200 0041 

  0x0000020e017d5db4: ;   {runtime_call DeoptimizationBlob}
  0x0000020e017d5db4: 52e9 e6eb | cc05 f4f4 | f4f4 f4f4 
[/MachCode]


---------------  P R O C E S S  ---------------

Threads class SMR info:
_java_thread_list=0x0000020e922940c0, length=56, elements={
0x0000020e71243860, 0x0000020e71be4960, 0x0000020e70082030, 0x0000020e71bec0a0,
0x0000020e71becb00, 0x0000020e71bf35e0, 0x0000020e71bf7ab0, 0x0000020e71c1b340,
0x0000020e71c1da00, 0x0000020e71bf6700, 0x0000020e71bf6d90, 0x0000020e71bf4cc0,
0x0000020e71bf59e0, 0x0000020e71bf8140, 0x0000020e71bf6070, 0x0000020e58479060,
0x0000020e58475be0, 0x0000020e58478340, 0x0000020e58477620, 0x0000020e58476f90,
0x0000020e584741a0, 0x0000020e5aeeb510, 0x0000020e5aeee300, 0x0000020e5aeecf50,
0x0000020e5aef0a60, 0x0000020e5aeefd40, 0x0000020e5a389360, 0x0000020e5a385ee0,
0x0000020e5a386570, 0x0000020e5a387920, 0x0000020e5a387fb0, 0x0000020e5a3851c0,
0x0000020e5a388640, 0x0000020e5a3844a0, 0x0000020e5a3899f0, 0x0000020e5a382a60,
0x0000020e8f8f70a0, 0x0000020e8f8f2f00, 0x0000020e8f8f8ae0, 0x0000020e5a386c00,
0x0000020e5a385850, 0x0000020e90ecb6f0, 0x0000020e90ecd7c0, 0x0000020e8f8f6380,
0x0000020e8f8f4940, 0x0000020e8f8f2870, 0x0000020e90ed12d0, 0x0000020e90ecff20,
0x0000020e90ed2680, 0x0000020e90eceb70, 0x0000020e90ed1960, 0x0000020e908f24f0,
0x0000020e908efd90, 0x0000020e5a38a080, 0x0000020e5a383780, 0x0000020e8f8f5660
}

Java Threads: ( => current thread )
  0x0000020e71243860 JavaThread "main"                              [_thread_blocked, id=8180, stack(0x000000b366d00000,0x000000b366e00000) (1024K)]
  0x0000020e71be4960 JavaThread "Reference Handler"          daemon [_thread_blocked, id=26556, stack(0x000000b369300000,0x000000b369d00000) (10240K)]
  0x0000020e70082030 JavaThread "Finalizer"                  daemon [_thread_blocked, id=19936, stack(0x000000b369d00000,0x000000b36a700000) (10240K)]
  0x0000020e71bec0a0 JavaThread "Signal Dispatcher"          daemon [_thread_blocked, id=30800, stack(0x000000b36a700000,0x000000b36b100000) (10240K)]
  0x0000020e71becb00 JavaThread "Attach Listener"            daemon [_thread_blocked, id=12704, stack(0x000000b36b100000,0x000000b36bb00000) (10240K)]
  0x0000020e71bf35e0 JavaThread "Service Thread"             daemon [_thread_blocked, id=1496, stack(0x000000b36bb00000,0x000000b36c500000) (10240K)]
  0x0000020e71bf7ab0 JavaThread "Monitor Deflation Thread"   daemon [_thread_blocked, id=31576, stack(0x000000b36c500000,0x000000b36cf00000) (10240K)]
  0x0000020e71c1b340 JavaThread "C2 CompilerThread0"         daemon [_thread_blocked, id=10196, stack(0x000000b36cf00000,0x000000b36d000000) (1024K)]
  0x0000020e71c1da00 JavaThread "C1 CompilerThread0"         daemon [_thread_blocked, id=13580, stack(0x000000b36d000000,0x000000b36d100000) (1024K)]
  0x0000020e71bf6700 JavaThread "StringDedupThread"          daemon [_thread_blocked, id=13424, stack(0x000000b36d100000,0x000000b36db00000) (10240K)]
  0x0000020e71bf6d90 JavaThread "Common-Cleaner"             daemon [_thread_blocked, id=33900, stack(0x000000b36de00000,0x000000b36e800000) (10240K)]
  0x0000020e71bf4cc0 JavaThread "Notification Thread"        daemon [_thread_blocked, id=12460, stack(0x000000b36e800000,0x000000b36f200000) (10240K)]
  0x0000020e71bf59e0 JavaThread "Java2D Disposer"            daemon [_thread_blocked, id=3336, stack(0x000000b36f200000,0x000000b36fc00000) (10240K)]
  0x0000020e71bf8140 JavaThread "AWT-Windows"                daemon [_thread_in_native, id=5220, stack(0x000000b370600000,0x000000b371000000) (10240K)]
  0x0000020e71bf6070 JavaThread "TimerQueue"                 daemon [_thread_blocked, id=33160, stack(0x000000b36fc00000,0x000000b370600000) (10240K)]
  0x0000020e58479060 JavaThread "AWT-Shutdown"                      [_thread_blocked, id=21896, stack(0x000000b371f00000,0x000000b372900000) (10240K)]
=>0x0000020e58475be0 JavaThread "AWT-EventQueue-0"                  [_thread_in_native, id=34444, stack(0x000000b372900000,0x000000b373300000) (10240K)]
  0x0000020e58478340 JavaThread "Thread-1"                          [_thread_in_native, id=9224, stack(0x000000b367000000,0x000000b368400000) (20480K)]
  0x0000020e58477620 JavaThread "Process Messages Thread"           [_thread_blocked, id=33176, stack(0x000000b374200000,0x000000b374c00000) (10240K)]
  0x0000020e58476f90 JavaThread "Batik CleanerThread"        daemon [_thread_blocked, id=18852, stack(0x000000b374c00000,0x000000b375600000) (10240K)]
  0x0000020e584741a0 JavaThread "SyntheticaCleanerThread"    daemon [_thread_blocked, id=13232, stack(0x000000b375600000,0x000000b376000000) (10240K)]
  0x0000020e5aeeb510 JavaThread "Timer-0"                           [_thread_blocked, id=30512, stack(0x000000b371400000,0x000000b371e00000) (10240K)]
  0x0000020e5aeee300 JavaThread "Monitor File Timestamp Swing Worker Thread"        [_thread_blocked, id=23212, stack(0x000000b376a00000,0x000000b377400000) (10240K)]
  0x0000020e5aeecf50 JavaThread "Monitor HEventQueue for Sluggish Gui Thread"        [_thread_blocked, id=21632, stack(0x000000b377400000,0x000000b377e00000) (10240K)]
  0x0000020e5aef0a60 JavaThread "SyntheticaAnimation 50"     daemon [_thread_blocked, id=28028, stack(0x000000b377e00000,0x000000b378800000) (10240K)]
  0x0000020e5aeefd40 JavaThread "SyntheticaAnimation 25"     daemon [_thread_blocked, id=15456, stack(0x000000b378900000,0x000000b379300000) (10240K)]
  0x0000020e5a389360 JavaThread "SyntheticaAnimation 70"     daemon [_thread_blocked, id=25856, stack(0x000000b376000000,0x000000b376a00000) (10240K)]
  0x0000020e5a385ee0 JavaThread "Refresh Filesets Swing Worker Thread"        [_thread_blocked, id=3560, stack(0x000000b379300000,0x000000b379d00000) (10240K)]
  0x0000020e5a386570 JavaThread "hw_ila_monitor"                    [_thread_blocked, id=32684, stack(0x000000b379d00000,0x000000b37a700000) (10240K)]
  0x0000020e5a387920 JavaThread "pool-1-thread-1"                   [_thread_blocked, id=5748, stack(0x000000b37bb00000,0x000000b37c500000) (10240K)]
  0x0000020e5a387fb0 JavaThread "Timer-1"                           [_thread_blocked, id=19768, stack(0x000000b37c500000,0x000000b37cf00000) (10240K)]
  0x0000020e5a3851c0 JavaThread "pool-2-thread-1"                   [_thread_blocked, id=22804, stack(0x000000b37cf00000,0x000000b37d900000) (10240K)]
  0x0000020e5a388640 JavaThread "Timer-2"                           [_thread_blocked, id=30404, stack(0x000000b37d900000,0x000000b37e300000) (10240K)]
  0x0000020e5a3844a0 JavaThread "pool-3-thread-1"                   [_thread_blocked, id=20100, stack(0x000000b37e300000,0x000000b37ed00000) (10240K)]
  0x0000020e5a3899f0 JavaThread "Timer-3"                           [_thread_blocked, id=33872, stack(0x000000b37ed00000,0x000000b37f700000) (10240K)]
  0x0000020e5a382a60 JavaThread "Update Runs Swing Worker Thread"        [_thread_blocked, id=14388, stack(0x000000b300a00000,0x000000b301400000) (10240K)]
  0x0000020e8f8f70a0 JavaThread "SyntheticaAnimation 50"     daemon [_thread_blocked, id=5796, stack(0x000000b301400000,0x000000b301e00000) (10240K)]
  0x0000020e8f8f2f00 JavaThread "Image Animator 3"           daemon [_thread_blocked, id=25272, stack(0x000000b300000000,0x000000b300a00000) (10240K)]
  0x0000020e8f8f8ae0 JavaThread "Timer-4"                           [_thread_blocked, id=3780, stack(0x000000b301e00000,0x000000b302800000) (10240K)]
  0x0000020e5a386c00 JavaThread "Timer-6"                           [_thread_blocked, id=27268, stack(0x000000b304600000,0x000000b305000000) (10240K)]
  0x0000020e5a385850 JavaThread "Monitor File Timestamp Swing Worker Thread"        [_thread_blocked, id=28940, stack(0x000000b305000000,0x000000b305a00000) (10240K)]
  0x0000020e90ecb6f0 JavaThread "Timer-10"                          [_thread_blocked, id=10012, stack(0x000000b302800000,0x000000b303200000) (10240K)]
  0x0000020e90ecd7c0 JavaThread "Monitor File Timestamp Swing Worker Thread"        [_thread_blocked, id=23260, stack(0x000000b303200000,0x000000b303c00000) (10240K)]
  0x0000020e8f8f6380 JavaThread "Swing-Shell"                daemon [_thread_blocked, id=29072, stack(0x000000b307f00000,0x000000b308900000) (10240K)]
  0x0000020e8f8f4940 JavaThread "Timer-13"                          [_thread_blocked, id=4152, stack(0x000000b309d00000,0x000000b30a700000) (10240K)]
  0x0000020e8f8f2870 JavaThread "Monitor File Timestamp Swing Worker Thread"        [_thread_blocked, id=29828, stack(0x000000b30a700000,0x000000b30b100000) (10240K)]
  0x0000020e90ed12d0 JavaThread "Timer-17"                          [_thread_blocked, id=4012, stack(0x000000b30b100000,0x000000b30bb00000) (10240K)]
  0x0000020e90ecff20 JavaThread "Timer-19"                          [_thread_blocked, id=29868, stack(0x000000b307500000,0x000000b307f00000) (10240K)]
  0x0000020e90ed2680 JavaThread "Timer-22"                          [_thread_blocked, id=33756, stack(0x000000b30d900000,0x000000b30e300000) (10240K)]
  0x0000020e90eceb70 JavaThread "Timer-41"                          [_thread_blocked, id=3500, stack(0x000000b308900000,0x000000b309300000) (10240K)]
  0x0000020e90ed1960 JavaThread "Monitor File Timestamp Swing Worker Thread"        [_thread_blocked, id=29124, stack(0x000000b30e300000,0x000000b30ed00000) (10240K)]
  0x0000020e908f24f0 JavaThread "Timer-42"                          [_thread_blocked, id=29068, stack(0x000000b309300000,0x000000b309d00000) (10240K)]
  0x0000020e908efd90 JavaThread "Monitor File Timestamp Swing Worker Thread"        [_thread_blocked, id=31016, stack(0x000000b30bb00000,0x000000b30c500000) (10240K)]
  0x0000020e5a38a080 JavaThread "Timer-43"                          [_thread_blocked, id=25852, stack(0x000000b305b00000,0x000000b306500000) (10240K)]
  0x0000020e5a383780 JavaThread "Monitor File Timestamp Swing Worker Thread"        [_thread_blocked, id=33644, stack(0x000000b306500000,0x000000b306f00000) (10240K)]
  0x0000020e8f8f5660 JavaThread "Relaunch Simulation Thread"        [_thread_blocked, id=30904, stack(0x000000b30c500000,0x000000b30cf00000) (10240K)]
Total: 56

Other Threads:
  0x0000020e702a8ec0 VMThread "VM Thread"                           [id=20736, stack(0x000000b369200000,0x000000b369300000) (1024K)]
  0x0000020e6a8a0ad0 WatcherThread "VM Periodic Task Thread"        [id=26948, stack(0x000000b369100000,0x000000b369200000) (1024K)]
  0x0000020e6ebf7bf0 WorkerThread "GC Thread#0"                     [id=27684, stack(0x000000b368900000,0x000000b368a00000) (1024K)]
  0x0000020e71bf1320 WorkerThread "GC Thread#1"                     [id=12956, stack(0x000000b36dd00000,0x000000b36de00000) (1024K)]
  0x0000020e71bf1e00 WorkerThread "GC Thread#2"                     [id=18548, stack(0x000000b371000000,0x000000b371100000) (1024K)]
  0x0000020e71bf16c0 WorkerThread "GC Thread#3"                     [id=32232, stack(0x000000b371100000,0x000000b371200000) (1024K)]
  0x0000020e71388c80 ConcurrentGCThread "G1 Main Marker"            [id=27900, stack(0x000000b368d00000,0x000000b368e00000) (1024K)]
  0x0000020e6ebf5070 WorkerThread "G1 Conc#0"                       [id=30560, stack(0x000000b368e00000,0x000000b368f00000) (1024K)]
  0x0000020e71b145c0 ConcurrentGCThread "G1 Refine#0"               [id=2780, stack(0x000000b368f00000,0x000000b369000000) (1024K)]
  0x0000020e6fe11750 ConcurrentGCThread "G1 Service"                [id=8292, stack(0x000000b369000000,0x000000b369100000) (1024K)]
Total: 10

Threads with active compile tasks:
Total: 0

VM state: not at safepoint (normal execution)

VM Mutex/Monitor currently owned by a thread: None

Heap address: 0x0000000701800000, size: 4072 MB, Compressed Oops mode: Zero based, Oop shift amount: 3

CDS archive(s) mapped at: [0x0000020e11000000-0x0000020e11c90000-0x0000020e11c90000), size 13172736, SharedBaseAddress: 0x0000020e11000000, ArchiveRelocationMode: 1.
Compressed class space mapped at: 0x0000020e12000000-0x0000020e52000000, reserved size: 1073741824
Narrow klass base: 0x0000020e11000000, Narrow klass shift: 0, Narrow klass range: 0x100000000

GC Precious Log:
 CardTable entry size: 512
 Card Set container configuration: InlinePtr #cards 4 size 8 Array Of Cards #cards 16 size 48 Howl #buckets 8 coarsen threshold 3686 Howl Bitmap #cards 512 size 80 coarsen threshold 460 Card regions per heap region 1 cards per card region 4096
 CPUs: 16 total, 16 available
 Memory: 16049M
 Large Page Support: Disabled
 NUMA Support: Disabled
 Compressed Oops: Enabled (Zero based)
 Heap Region Size: 2M
 Heap Min Capacity: 512M
 Heap Initial Capacity: 512M
 Heap Max Capacity: 4072M
 Pre-touch: Disabled
 Parallel Workers: 4
 Concurrent Workers: 1
 Concurrent Refinement Workers: 4
 Periodic GC: Disabled
 String Deduplication is enabled

Heap:
 garbage-first heap   total 524288K, used 209185K [0x0000000701800000, 0x0000000800000000)
  region size 2048K, 39 young (79872K), 0 survivors (0K)
 Metaspace       used 98687K, committed 99712K, reserved 1179648K
  class space    used 13498K, committed 14080K, reserved 1048576K

Heap Regions: E=young(eden), S=young(survivor), O=old, HS=humongous(starts), HC=humongous(continues), CS=collection set, F=free, TAMS=top-at-mark-start, PB=parsable bottom
|   0|0x0000000701800000, 0x0000000701a00000, 0x0000000701a00000|100%|HS|  |TAMS 0x0000000701800000| PB 0x0000000701800000| Untracked 
|   1|0x0000000701a00000, 0x0000000701bf33a0, 0x0000000701c00000| 97%| O|  |TAMS 0x0000000701a00000| PB 0x0000000701a00000| Untracked 
|   2|0x0000000701c00000, 0x0000000701dffff0, 0x0000000701e00000| 99%| O|  |TAMS 0x0000000701c00000| PB 0x0000000701c00000| Untracked 
|   3|0x0000000701e00000, 0x0000000701fffff0, 0x0000000702000000| 99%| O|  |TAMS 0x0000000701e00000| PB 0x0000000701e00000| Untracked 
|   4|0x0000000702000000, 0x00000007021ffff8, 0x0000000702200000| 99%| O|  |TAMS 0x0000000702000000| PB 0x0000000702000000| Untracked 
|   5|0x0000000702200000, 0x00000007023ffff8, 0x0000000702400000| 99%| O|  |TAMS 0x0000000702200000| PB 0x0000000702200000| Untracked 
|   6|0x0000000702400000, 0x0000000702600000, 0x0000000702600000|100%| O|  |TAMS 0x0000000702400000| PB 0x0000000702400000| Untracked 
|   7|0x0000000702600000, 0x0000000702800000, 0x0000000702800000|100%| O|  |TAMS 0x0000000702600000| PB 0x0000000702600000| Untracked 
|   8|0x0000000702800000, 0x00000007029ffe68, 0x0000000702a00000| 99%| O|  |TAMS 0x0000000702800000| PB 0x0000000702800000| Untracked 
|   9|0x0000000702a00000, 0x0000000702bfffe8, 0x0000000702c00000| 99%| O|  |TAMS 0x0000000702a00000| PB 0x0000000702a00000| Untracked 
|  10|0x0000000702c00000, 0x0000000702dffff0, 0x0000000702e00000| 99%| O|  |TAMS 0x0000000702c00000| PB 0x0000000702c00000| Untracked 
|  11|0x0000000702e00000, 0x0000000702fffff0, 0x0000000703000000| 99%| O|  |TAMS 0x0000000702e00000| PB 0x0000000702e00000| Untracked 
|  12|0x0000000703000000, 0x00000007031fffd8, 0x0000000703200000| 99%| O|  |TAMS 0x0000000703000000| PB 0x0000000703000000| Untracked 
|  13|0x0000000703200000, 0x00000007033fffe8, 0x0000000703400000| 99%| O|  |TAMS 0x0000000703200000| PB 0x0000000703200000| Untracked 
|  14|0x0000000703400000, 0x00000007035fd168, 0x0000000703600000| 99%| O|  |TAMS 0x0000000703400000| PB 0x0000000703400000| Untracked 
|  15|0x0000000703600000, 0x00000007037fffd0, 0x0000000703800000| 99%| O|  |TAMS 0x0000000703600000| PB 0x0000000703600000| Untracked 
|  16|0x0000000703800000, 0x00000007039fff90, 0x0000000703a00000| 99%| O|  |TAMS 0x0000000703800000| PB 0x0000000703800000| Untracked 
|  17|0x0000000703a00000, 0x0000000703bfffc8, 0x0000000703c00000| 99%| O|  |TAMS 0x0000000703a00000| PB 0x0000000703a00000| Untracked 
|  18|0x0000000703c00000, 0x0000000703dffff0, 0x0000000703e00000| 99%| O|  |TAMS 0x0000000703c00000| PB 0x0000000703c00000| Untracked 
|  19|0x0000000703e00000, 0x0000000704000000, 0x0000000704000000|100%| O|  |TAMS 0x0000000703e00000| PB 0x0000000703e00000| Untracked 
|  20|0x0000000704000000, 0x00000007041ffff8, 0x0000000704200000| 99%| O|  |TAMS 0x0000000704000000| PB 0x0000000704000000| Untracked 
|  21|0x0000000704200000, 0x00000007043fffe8, 0x0000000704400000| 99%| O|  |TAMS 0x0000000704200000| PB 0x0000000704200000| Untracked 
|  22|0x0000000704400000, 0x00000007045fff38, 0x0000000704600000| 99%| O|  |TAMS 0x0000000704400000| PB 0x0000000704400000| Untracked 
|  23|0x0000000704600000, 0x00000007047ffe98, 0x0000000704800000| 99%| O|  |TAMS 0x0000000704600000| PB 0x0000000704600000| Untracked 
|  24|0x0000000704800000, 0x00000007049ffff8, 0x0000000704a00000| 99%| O|  |TAMS 0x0000000704800000| PB 0x0000000704800000| Untracked 
|  25|0x0000000704a00000, 0x0000000704c00000, 0x0000000704c00000|100%| O|  |TAMS 0x0000000704a00000| PB 0x0000000704a00000| Untracked 
|  26|0x0000000704c00000, 0x0000000704dfffd0, 0x0000000704e00000| 99%| O|  |TAMS 0x0000000704c00000| PB 0x0000000704c00000| Untracked 
|  27|0x0000000704e00000, 0x0000000705000000, 0x0000000705000000|100%| O|  |TAMS 0x0000000704e00000| PB 0x0000000704e00000| Untracked 
|  28|0x0000000705000000, 0x0000000705200000, 0x0000000705200000|100%| O|  |TAMS 0x0000000705000000| PB 0x0000000705000000| Untracked 
|  29|0x0000000705200000, 0x00000007053ffff8, 0x0000000705400000| 99%| O|  |TAMS 0x0000000705200000| PB 0x0000000705200000| Untracked 
|  30|0x0000000705400000, 0x00000007055ffec8, 0x0000000705600000| 99%| O|  |TAMS 0x0000000705400000| PB 0x0000000705400000| Untracked 
|  31|0x0000000705600000, 0x00000007057fffe8, 0x0000000705800000| 99%| O|  |TAMS 0x0000000705600000| PB 0x0000000705600000| Untracked 
|  32|0x0000000705800000, 0x00000007059ffff8, 0x0000000705a00000| 99%| O|  |TAMS 0x0000000705800000| PB 0x0000000705800000| Untracked 
|  33|0x0000000705a00000, 0x0000000705bfffe8, 0x0000000705c00000| 99%| O|  |TAMS 0x0000000705a00000| PB 0x0000000705a00000| Untracked 
|  34|0x0000000705c00000, 0x0000000705dffff0, 0x0000000705e00000| 99%| O|  |TAMS 0x0000000705c00000| PB 0x0000000705c00000| Untracked 
|  35|0x0000000705e00000, 0x0000000705ffffa0, 0x0000000706000000| 99%| O|  |TAMS 0x0000000705e00000| PB 0x0000000705e00000| Untracked 
|  36|0x0000000706000000, 0x00000007061ffff8, 0x0000000706200000| 99%| O|  |TAMS 0x0000000706000000| PB 0x0000000706000000| Untracked 
|  37|0x0000000706200000, 0x0000000706400000, 0x0000000706400000|100%| O|  |TAMS 0x0000000706200000| PB 0x0000000706200000| Untracked 
|  38|0x0000000706400000, 0x00000007065ffff8, 0x0000000706600000| 99%| O|  |TAMS 0x0000000706400000| PB 0x0000000706400000| Untracked 
|  39|0x0000000706600000, 0x00000007067ffff8, 0x0000000706800000| 99%| O|  |TAMS 0x0000000706600000| PB 0x0000000706600000| Untracked 
|  40|0x0000000706800000, 0x0000000706a00000, 0x0000000706a00000|100%| O|  |TAMS 0x0000000706800000| PB 0x0000000706800000| Untracked 
|  41|0x0000000706a00000, 0x0000000706bfff70, 0x0000000706c00000| 99%| O|  |TAMS 0x0000000706a00000| PB 0x0000000706a00000| Untracked 
|  42|0x0000000706c00000, 0x0000000706dff008, 0x0000000706e00000| 99%| O|  |TAMS 0x0000000706c00000| PB 0x0000000706c00000| Untracked 
|  43|0x0000000706e00000, 0x0000000706ffff00, 0x0000000707000000| 99%| O|  |TAMS 0x0000000706e00000| PB 0x0000000706e00000| Untracked 
|  44|0x0000000707000000, 0x00000007071ff818, 0x0000000707200000| 99%| O|  |TAMS 0x0000000707000000| PB 0x0000000707000000| Untracked 
|  45|0x0000000707200000, 0x00000007073ffff8, 0x0000000707400000| 99%| O|  |TAMS 0x0000000707200000| PB 0x0000000707200000| Untracked 
|  46|0x0000000707400000, 0x00000007075ffff8, 0x0000000707600000| 99%| O|  |TAMS 0x0000000707400000| PB 0x0000000707400000| Untracked 
|  47|0x0000000707600000, 0x00000007077ffef8, 0x0000000707800000| 99%| O|  |TAMS 0x0000000707600000| PB 0x0000000707600000| Untracked 
|  48|0x0000000707800000, 0x00000007079fffe8, 0x0000000707a00000| 99%| O|  |TAMS 0x0000000707800000| PB 0x0000000707800000| Untracked 
|  49|0x0000000707a00000, 0x0000000707b71908, 0x0000000707c00000| 72%| O|  |TAMS 0x0000000707a00000| PB 0x0000000707a00000| Untracked 
|  50|0x0000000707c00000, 0x0000000707dfb8f0, 0x0000000707e00000| 99%| O|  |TAMS 0x0000000707c00000| PB 0x0000000707c00000| Untracked 
|  51|0x0000000707e00000, 0x0000000707f53188, 0x0000000708000000| 66%| O|  |TAMS 0x0000000707e00000| PB 0x0000000707e00000| Untracked 
|  52|0x0000000708000000, 0x0000000708182d20, 0x0000000708200000| 75%| O|  |TAMS 0x0000000708000000| PB 0x0000000708000000| Untracked 
|  53|0x0000000708200000, 0x00000007082172f8, 0x0000000708400000|  4%| O|  |TAMS 0x0000000708200000| PB 0x0000000708200000| Untracked 
|  54|0x0000000708400000, 0x0000000708400000, 0x0000000708600000|  0%| F|  |TAMS 0x0000000708400000| PB 0x0000000708400000| Untracked 
|  55|0x0000000708600000, 0x0000000708600000, 0x0000000708800000|  0%| F|  |TAMS 0x0000000708600000| PB 0x0000000708600000| Untracked 
|  56|0x0000000708800000, 0x0000000708a00000, 0x0000000708a00000|100%|HS|  |TAMS 0x0000000708800000| PB 0x0000000708800000| Untracked 
|  57|0x0000000708a00000, 0x0000000708a00000, 0x0000000708c00000|  0%| F|  |TAMS 0x0000000708a00000| PB 0x0000000708a00000| Untracked 
|  58|0x0000000708c00000, 0x0000000708c00000, 0x0000000708e00000|  0%| F|  |TAMS 0x0000000708c00000| PB 0x0000000708c00000| Untracked 
|  59|0x0000000708e00000, 0x0000000708e00000, 0x0000000709000000|  0%| F|  |TAMS 0x0000000708e00000| PB 0x0000000708e00000| Untracked 
|  60|0x0000000709000000, 0x0000000709200000, 0x0000000709200000|100%|HS|  |TAMS 0x0000000709000000| PB 0x0000000709000000| Untracked 
|  61|0x0000000709200000, 0x0000000709400000, 0x0000000709400000|100%|HC|  |TAMS 0x0000000709200000| PB 0x0000000709200000| Untracked 
|  62|0x0000000709400000, 0x0000000709600000, 0x0000000709600000|100%|HC|  |TAMS 0x0000000709400000| PB 0x0000000709400000| Untracked 
|  63|0x0000000709600000, 0x0000000709800000, 0x0000000709800000|100%|HC|  |TAMS 0x0000000709600000| PB 0x0000000709600000| Untracked 
|  64|0x0000000709800000, 0x0000000709800000, 0x0000000709a00000|  0%| F|  |TAMS 0x0000000709800000| PB 0x0000000709800000| Untracked 
|  65|0x0000000709a00000, 0x0000000709c00000, 0x0000000709c00000|100%| O|  |TAMS 0x0000000709a00000| PB 0x0000000709a00000| Untracked 
|  66|0x0000000709c00000, 0x0000000709e00000, 0x0000000709e00000|100%| O|  |TAMS 0x0000000709c00000| PB 0x0000000709c00000| Untracked 
|  67|0x0000000709e00000, 0x000000070a000000, 0x000000070a000000|100%| O|  |TAMS 0x0000000709e00000| PB 0x0000000709e00000| Untracked 
|  68|0x000000070a000000, 0x000000070a200000, 0x000000070a200000|100%|HS|  |TAMS 0x000000070a000000| PB 0x000000070a000000| Untracked 
|  69|0x000000070a200000, 0x000000070a400000, 0x000000070a400000|100%|HC|  |TAMS 0x000000070a200000| PB 0x000000070a200000| Untracked 
|  70|0x000000070a400000, 0x000000070a600000, 0x000000070a600000|100%|HC|  |TAMS 0x000000070a400000| PB 0x000000070a400000| Untracked 
|  71|0x000000070a600000, 0x000000070a800000, 0x000000070a800000|100%|HC|  |TAMS 0x000000070a600000| PB 0x000000070a600000| Untracked 
|  72|0x000000070a800000, 0x000000070a800000, 0x000000070aa00000|  0%| F|  |TAMS 0x000000070a800000| PB 0x000000070a800000| Untracked 
|  73|0x000000070aa00000, 0x000000070aa00000, 0x000000070ac00000|  0%| F|  |TAMS 0x000000070aa00000| PB 0x000000070aa00000| Untracked 
|  74|0x000000070ac00000, 0x000000070ac00000, 0x000000070ae00000|  0%| F|  |TAMS 0x000000070ac00000| PB 0x000000070ac00000| Untracked 
|  75|0x000000070ae00000, 0x000000070ae00000, 0x000000070b000000|  0%| F|  |TAMS 0x000000070ae00000| PB 0x000000070ae00000| Untracked 
|  76|0x000000070b000000, 0x000000070b000000, 0x000000070b200000|  0%| F|  |TAMS 0x000000070b000000| PB 0x000000070b000000| Untracked 
|  77|0x000000070b200000, 0x000000070b200000, 0x000000070b400000|  0%| F|  |TAMS 0x000000070b200000| PB 0x000000070b200000| Untracked 
|  78|0x000000070b400000, 0x000000070b400000, 0x000000070b600000|  0%| F|  |TAMS 0x000000070b400000| PB 0x000000070b400000| Untracked 
|  79|0x000000070b600000, 0x000000070b600000, 0x000000070b800000|  0%| F|  |TAMS 0x000000070b600000| PB 0x000000070b600000| Untracked 
|  80|0x000000070b800000, 0x000000070b800000, 0x000000070ba00000|  0%| F|  |TAMS 0x000000070b800000| PB 0x000000070b800000| Untracked 
|  81|0x000000070ba00000, 0x000000070ba00000, 0x000000070bc00000|  0%| F|  |TAMS 0x000000070ba00000| PB 0x000000070ba00000| Untracked 
|  82|0x000000070bc00000, 0x000000070bc00000, 0x000000070be00000|  0%| F|  |TAMS 0x000000070bc00000| PB 0x000000070bc00000| Untracked 
|  83|0x000000070be00000, 0x000000070be00000, 0x000000070c000000|  0%| F|  |TAMS 0x000000070be00000| PB 0x000000070be00000| Untracked 
|  84|0x000000070c000000, 0x000000070c000000, 0x000000070c200000|  0%| F|  |TAMS 0x000000070c000000| PB 0x000000070c000000| Untracked 
|  85|0x000000070c200000, 0x000000070c200000, 0x000000070c400000|  0%| F|  |TAMS 0x000000070c200000| PB 0x000000070c200000| Untracked 
|  86|0x000000070c400000, 0x000000070c400000, 0x000000070c600000|  0%| F|  |TAMS 0x000000070c400000| PB 0x000000070c400000| Untracked 
|  87|0x000000070c600000, 0x000000070c600000, 0x000000070c800000|  0%| F|  |TAMS 0x000000070c600000| PB 0x000000070c600000| Untracked 
|  88|0x000000070c800000, 0x000000070c800000, 0x000000070ca00000|  0%| F|  |TAMS 0x000000070c800000| PB 0x000000070c800000| Untracked 
|  89|0x000000070ca00000, 0x000000070ca00000, 0x000000070cc00000|  0%| F|  |TAMS 0x000000070ca00000| PB 0x000000070ca00000| Untracked 
|  90|0x000000070cc00000, 0x000000070cc00000, 0x000000070ce00000|  0%| F|  |TAMS 0x000000070cc00000| PB 0x000000070cc00000| Untracked 
|  91|0x000000070ce00000, 0x000000070ce00000, 0x000000070d000000|  0%| F|  |TAMS 0x000000070ce00000| PB 0x000000070ce00000| Untracked 
|  92|0x000000070d000000, 0x000000070d000000, 0x000000070d200000|  0%| F|  |TAMS 0x000000070d000000| PB 0x000000070d000000| Untracked 
|  93|0x000000070d200000, 0x000000070d200000, 0x000000070d400000|  0%| F|  |TAMS 0x000000070d200000| PB 0x000000070d200000| Untracked 
|  94|0x000000070d400000, 0x000000070d400000, 0x000000070d600000|  0%| F|  |TAMS 0x000000070d400000| PB 0x000000070d400000| Untracked 
|  95|0x000000070d600000, 0x000000070d600000, 0x000000070d800000|  0%| F|  |TAMS 0x000000070d600000| PB 0x000000070d600000| Untracked 
|  96|0x000000070d800000, 0x000000070d800000, 0x000000070da00000|  0%| F|  |TAMS 0x000000070d800000| PB 0x000000070d800000| Untracked 
|  97|0x000000070da00000, 0x000000070da00000, 0x000000070dc00000|  0%| F|  |TAMS 0x000000070da00000| PB 0x000000070da00000| Untracked 
|  98|0x000000070dc00000, 0x000000070dc00000, 0x000000070de00000|  0%| F|  |TAMS 0x000000070dc00000| PB 0x000000070dc00000| Untracked 
|  99|0x000000070de00000, 0x000000070de00000, 0x000000070e000000|  0%| F|  |TAMS 0x000000070de00000| PB 0x000000070de00000| Untracked 
| 100|0x000000070e000000, 0x000000070e000000, 0x000000070e200000|  0%| F|  |TAMS 0x000000070e000000| PB 0x000000070e000000| Untracked 
| 101|0x000000070e200000, 0x000000070e200000, 0x000000070e400000|  0%| F|  |TAMS 0x000000070e200000| PB 0x000000070e200000| Untracked 
| 102|0x000000070e400000, 0x000000070e400000, 0x000000070e600000|  0%| F|  |TAMS 0x000000070e400000| PB 0x000000070e400000| Untracked 
| 103|0x000000070e600000, 0x000000070e600000, 0x000000070e800000|  0%| F|  |TAMS 0x000000070e600000| PB 0x000000070e600000| Untracked 
| 104|0x000000070e800000, 0x000000070e800000, 0x000000070ea00000|  0%| F|  |TAMS 0x000000070e800000| PB 0x000000070e800000| Untracked 
| 105|0x000000070ea00000, 0x000000070ea00000, 0x000000070ec00000|  0%| F|  |TAMS 0x000000070ea00000| PB 0x000000070ea00000| Untracked 
| 106|0x000000070ec00000, 0x000000070ec00000, 0x000000070ee00000|  0%| F|  |TAMS 0x000000070ec00000| PB 0x000000070ec00000| Untracked 
| 107|0x000000070ee00000, 0x000000070ee00000, 0x000000070f000000|  0%| F|  |TAMS 0x000000070ee00000| PB 0x000000070ee00000| Untracked 
| 108|0x000000070f000000, 0x000000070f000000, 0x000000070f200000|  0%| F|  |TAMS 0x000000070f000000| PB 0x000000070f000000| Untracked 
| 109|0x000000070f200000, 0x000000070f200000, 0x000000070f400000|  0%| F|  |TAMS 0x000000070f200000| PB 0x000000070f200000| Untracked 
| 110|0x000000070f400000, 0x000000070f400000, 0x000000070f600000|  0%| F|  |TAMS 0x000000070f400000| PB 0x000000070f400000| Untracked 
| 111|0x000000070f600000, 0x000000070f600000, 0x000000070f800000|  0%| F|  |TAMS 0x000000070f600000| PB 0x000000070f600000| Untracked 
| 112|0x000000070f800000, 0x000000070f800000, 0x000000070fa00000|  0%| F|  |TAMS 0x000000070f800000| PB 0x000000070f800000| Untracked 
| 113|0x000000070fa00000, 0x000000070fa00000, 0x000000070fc00000|  0%| F|  |TAMS 0x000000070fa00000| PB 0x000000070fa00000| Untracked 
| 114|0x000000070fc00000, 0x000000070fc00000, 0x000000070fe00000|  0%| F|  |TAMS 0x000000070fc00000| PB 0x000000070fc00000| Untracked 
| 115|0x000000070fe00000, 0x000000070fe00000, 0x0000000710000000|  0%| F|  |TAMS 0x000000070fe00000| PB 0x000000070fe00000| Untracked 
| 116|0x0000000710000000, 0x0000000710000000, 0x0000000710200000|  0%| F|  |TAMS 0x0000000710000000| PB 0x0000000710000000| Untracked 
| 117|0x0000000710200000, 0x0000000710200000, 0x0000000710400000|  0%| F|  |TAMS 0x0000000710200000| PB 0x0000000710200000| Untracked 
| 118|0x0000000710400000, 0x0000000710400000, 0x0000000710600000|  0%| F|  |TAMS 0x0000000710400000| PB 0x0000000710400000| Untracked 
| 119|0x0000000710600000, 0x0000000710600000, 0x0000000710800000|  0%| F|  |TAMS 0x0000000710600000| PB 0x0000000710600000| Untracked 
| 120|0x0000000710800000, 0x0000000710800000, 0x0000000710a00000|  0%| F|  |TAMS 0x0000000710800000| PB 0x0000000710800000| Untracked 
| 121|0x0000000710a00000, 0x0000000710a00000, 0x0000000710c00000|  0%| F|  |TAMS 0x0000000710a00000| PB 0x0000000710a00000| Untracked 
| 122|0x0000000710c00000, 0x0000000710c00000, 0x0000000710e00000|  0%| F|  |TAMS 0x0000000710c00000| PB 0x0000000710c00000| Untracked 
| 123|0x0000000710e00000, 0x0000000710e00000, 0x0000000711000000|  0%| F|  |TAMS 0x0000000710e00000| PB 0x0000000710e00000| Untracked 
| 124|0x0000000711000000, 0x0000000711000000, 0x0000000711200000|  0%| F|  |TAMS 0x0000000711000000| PB 0x0000000711000000| Untracked 
| 125|0x0000000711200000, 0x0000000711200000, 0x0000000711400000|  0%| F|  |TAMS 0x0000000711200000| PB 0x0000000711200000| Untracked 
| 126|0x0000000711400000, 0x0000000711400000, 0x0000000711600000|  0%| F|  |TAMS 0x0000000711400000| PB 0x0000000711400000| Untracked 
| 127|0x0000000711600000, 0x0000000711600000, 0x0000000711800000|  0%| F|  |TAMS 0x0000000711600000| PB 0x0000000711600000| Untracked 
| 128|0x0000000711800000, 0x0000000711800000, 0x0000000711a00000|  0%| F|  |TAMS 0x0000000711800000| PB 0x0000000711800000| Untracked 
| 129|0x0000000711a00000, 0x0000000711a00000, 0x0000000711c00000|  0%| F|  |TAMS 0x0000000711a00000| PB 0x0000000711a00000| Untracked 
| 130|0x0000000711c00000, 0x0000000711c00000, 0x0000000711e00000|  0%| F|  |TAMS 0x0000000711c00000| PB 0x0000000711c00000| Untracked 
| 131|0x0000000711e00000, 0x0000000711e00000, 0x0000000712000000|  0%| F|  |TAMS 0x0000000711e00000| PB 0x0000000711e00000| Untracked 
| 132|0x0000000712000000, 0x0000000712000000, 0x0000000712200000|  0%| F|  |TAMS 0x0000000712000000| PB 0x0000000712000000| Untracked 
| 133|0x0000000712200000, 0x0000000712200000, 0x0000000712400000|  0%| F|  |TAMS 0x0000000712200000| PB 0x0000000712200000| Untracked 
| 134|0x0000000712400000, 0x0000000712400000, 0x0000000712600000|  0%| F|  |TAMS 0x0000000712400000| PB 0x0000000712400000| Untracked 
| 135|0x0000000712600000, 0x0000000712600000, 0x0000000712800000|  0%| F|  |TAMS 0x0000000712600000| PB 0x0000000712600000| Untracked 
| 136|0x0000000712800000, 0x0000000712800000, 0x0000000712a00000|  0%| F|  |TAMS 0x0000000712800000| PB 0x0000000712800000| Untracked 
| 137|0x0000000712a00000, 0x0000000712a00000, 0x0000000712c00000|  0%| F|  |TAMS 0x0000000712a00000| PB 0x0000000712a00000| Untracked 
| 138|0x0000000712c00000, 0x0000000712c00000, 0x0000000712e00000|  0%| F|  |TAMS 0x0000000712c00000| PB 0x0000000712c00000| Untracked 
| 139|0x0000000712e00000, 0x0000000712e00000, 0x0000000713000000|  0%| F|  |TAMS 0x0000000712e00000| PB 0x0000000712e00000| Untracked 
| 140|0x0000000713000000, 0x0000000713000000, 0x0000000713200000|  0%| F|  |TAMS 0x0000000713000000| PB 0x0000000713000000| Untracked 
| 141|0x0000000713200000, 0x0000000713200000, 0x0000000713400000|  0%| F|  |TAMS 0x0000000713200000| PB 0x0000000713200000| Untracked 
| 142|0x0000000713400000, 0x0000000713400000, 0x0000000713600000|  0%| F|  |TAMS 0x0000000713400000| PB 0x0000000713400000| Untracked 
| 143|0x0000000713600000, 0x0000000713600000, 0x0000000713800000|  0%| F|  |TAMS 0x0000000713600000| PB 0x0000000713600000| Untracked 
| 144|0x0000000713800000, 0x0000000713800000, 0x0000000713a00000|  0%| F|  |TAMS 0x0000000713800000| PB 0x0000000713800000| Untracked 
| 145|0x0000000713a00000, 0x0000000713a00000, 0x0000000713c00000|  0%| F|  |TAMS 0x0000000713a00000| PB 0x0000000713a00000| Untracked 
| 146|0x0000000713c00000, 0x0000000713c00000, 0x0000000713e00000|  0%| F|  |TAMS 0x0000000713c00000| PB 0x0000000713c00000| Untracked 
| 147|0x0000000713e00000, 0x0000000713e00000, 0x0000000714000000|  0%| F|  |TAMS 0x0000000713e00000| PB 0x0000000713e00000| Untracked 
| 148|0x0000000714000000, 0x0000000714000000, 0x0000000714200000|  0%| F|  |TAMS 0x0000000714000000| PB 0x0000000714000000| Untracked 
| 149|0x0000000714200000, 0x0000000714200000, 0x0000000714400000|  0%| F|  |TAMS 0x0000000714200000| PB 0x0000000714200000| Untracked 
| 150|0x0000000714400000, 0x0000000714400000, 0x0000000714600000|  0%| F|  |TAMS 0x0000000714400000| PB 0x0000000714400000| Untracked 
| 151|0x0000000714600000, 0x0000000714600000, 0x0000000714800000|  0%| F|  |TAMS 0x0000000714600000| PB 0x0000000714600000| Untracked 
| 152|0x0000000714800000, 0x0000000714800000, 0x0000000714a00000|  0%| F|  |TAMS 0x0000000714800000| PB 0x0000000714800000| Untracked 
| 153|0x0000000714a00000, 0x0000000714a00000, 0x0000000714c00000|  0%| F|  |TAMS 0x0000000714a00000| PB 0x0000000714a00000| Untracked 
| 154|0x0000000714c00000, 0x0000000714c00000, 0x0000000714e00000|  0%| F|  |TAMS 0x0000000714c00000| PB 0x0000000714c00000| Untracked 
| 155|0x0000000714e00000, 0x0000000714e00000, 0x0000000715000000|  0%| F|  |TAMS 0x0000000714e00000| PB 0x0000000714e00000| Untracked 
| 156|0x0000000715000000, 0x0000000715000000, 0x0000000715200000|  0%| F|  |TAMS 0x0000000715000000| PB 0x0000000715000000| Untracked 
| 157|0x0000000715200000, 0x0000000715200000, 0x0000000715400000|  0%| F|  |TAMS 0x0000000715200000| PB 0x0000000715200000| Untracked 
| 158|0x0000000715400000, 0x0000000715400000, 0x0000000715600000|  0%| F|  |TAMS 0x0000000715400000| PB 0x0000000715400000| Untracked 
| 159|0x0000000715600000, 0x0000000715600000, 0x0000000715800000|  0%| F|  |TAMS 0x0000000715600000| PB 0x0000000715600000| Untracked 
| 160|0x0000000715800000, 0x0000000715800000, 0x0000000715a00000|  0%| F|  |TAMS 0x0000000715800000| PB 0x0000000715800000| Untracked 
| 161|0x0000000715a00000, 0x0000000715a00000, 0x0000000715c00000|  0%| F|  |TAMS 0x0000000715a00000| PB 0x0000000715a00000| Untracked 
| 162|0x0000000715c00000, 0x0000000715c00000, 0x0000000715e00000|  0%| F|  |TAMS 0x0000000715c00000| PB 0x0000000715c00000| Untracked 
| 163|0x0000000715e00000, 0x0000000715e00000, 0x0000000716000000|  0%| F|  |TAMS 0x0000000715e00000| PB 0x0000000715e00000| Untracked 
| 164|0x0000000716000000, 0x0000000716000000, 0x0000000716200000|  0%| F|  |TAMS 0x0000000716000000| PB 0x0000000716000000| Untracked 
| 165|0x0000000716200000, 0x0000000716200000, 0x0000000716400000|  0%| F|  |TAMS 0x0000000716200000| PB 0x0000000716200000| Untracked 
| 166|0x0000000716400000, 0x0000000716400000, 0x0000000716600000|  0%| F|  |TAMS 0x0000000716400000| PB 0x0000000716400000| Untracked 
| 167|0x0000000716600000, 0x0000000716600000, 0x0000000716800000|  0%| F|  |TAMS 0x0000000716600000| PB 0x0000000716600000| Untracked 
| 168|0x0000000716800000, 0x0000000716800000, 0x0000000716a00000|  0%| F|  |TAMS 0x0000000716800000| PB 0x0000000716800000| Untracked 
| 169|0x0000000716a00000, 0x0000000716a00000, 0x0000000716c00000|  0%| F|  |TAMS 0x0000000716a00000| PB 0x0000000716a00000| Untracked 
| 170|0x0000000716c00000, 0x0000000716c00000, 0x0000000716e00000|  0%| F|  |TAMS 0x0000000716c00000| PB 0x0000000716c00000| Untracked 
| 171|0x0000000716e00000, 0x0000000716e00000, 0x0000000717000000|  0%| F|  |TAMS 0x0000000716e00000| PB 0x0000000716e00000| Untracked 
| 172|0x0000000717000000, 0x0000000717000000, 0x0000000717200000|  0%| F|  |TAMS 0x0000000717000000| PB 0x0000000717000000| Untracked 
| 173|0x0000000717200000, 0x0000000717200000, 0x0000000717400000|  0%| F|  |TAMS 0x0000000717200000| PB 0x0000000717200000| Untracked 
| 174|0x0000000717400000, 0x0000000717400000, 0x0000000717600000|  0%| F|  |TAMS 0x0000000717400000| PB 0x0000000717400000| Untracked 
| 175|0x0000000717600000, 0x0000000717600000, 0x0000000717800000|  0%| F|  |TAMS 0x0000000717600000| PB 0x0000000717600000| Untracked 
| 176|0x0000000717800000, 0x0000000717800000, 0x0000000717a00000|  0%| F|  |TAMS 0x0000000717800000| PB 0x0000000717800000| Untracked 
| 177|0x0000000717a00000, 0x0000000717a00000, 0x0000000717c00000|  0%| F|  |TAMS 0x0000000717a00000| PB 0x0000000717a00000| Untracked 
| 178|0x0000000717c00000, 0x0000000717c00000, 0x0000000717e00000|  0%| F|  |TAMS 0x0000000717c00000| PB 0x0000000717c00000| Untracked 
| 179|0x0000000717e00000, 0x0000000717e00000, 0x0000000718000000|  0%| F|  |TAMS 0x0000000717e00000| PB 0x0000000717e00000| Untracked 
| 180|0x0000000718000000, 0x0000000718000000, 0x0000000718200000|  0%| F|  |TAMS 0x0000000718000000| PB 0x0000000718000000| Untracked 
| 181|0x0000000718200000, 0x0000000718200000, 0x0000000718400000|  0%| F|  |TAMS 0x0000000718200000| PB 0x0000000718200000| Untracked 
| 182|0x0000000718400000, 0x0000000718400000, 0x0000000718600000|  0%| F|  |TAMS 0x0000000718400000| PB 0x0000000718400000| Untracked 
| 183|0x0000000718600000, 0x0000000718600000, 0x0000000718800000|  0%| F|  |TAMS 0x0000000718600000| PB 0x0000000718600000| Untracked 
| 184|0x0000000718800000, 0x0000000718800000, 0x0000000718a00000|  0%| F|  |TAMS 0x0000000718800000| PB 0x0000000718800000| Untracked 
| 185|0x0000000718a00000, 0x0000000718a00000, 0x0000000718c00000|  0%| F|  |TAMS 0x0000000718a00000| PB 0x0000000718a00000| Untracked 
| 186|0x0000000718c00000, 0x0000000718c00000, 0x0000000718e00000|  0%| F|  |TAMS 0x0000000718c00000| PB 0x0000000718c00000| Untracked 
| 187|0x0000000718e00000, 0x0000000718e00000, 0x0000000719000000|  0%| F|  |TAMS 0x0000000718e00000| PB 0x0000000718e00000| Untracked 
| 188|0x0000000719000000, 0x0000000719000000, 0x0000000719200000|  0%| F|  |TAMS 0x0000000719000000| PB 0x0000000719000000| Untracked 
| 189|0x0000000719200000, 0x0000000719200000, 0x0000000719400000|  0%| F|  |TAMS 0x0000000719200000| PB 0x0000000719200000| Untracked 
| 190|0x0000000719400000, 0x0000000719400000, 0x0000000719600000|  0%| F|  |TAMS 0x0000000719400000| PB 0x0000000719400000| Untracked 
| 191|0x0000000719600000, 0x0000000719600000, 0x0000000719800000|  0%| F|  |TAMS 0x0000000719600000| PB 0x0000000719600000| Untracked 
| 192|0x0000000719800000, 0x0000000719800000, 0x0000000719a00000|  0%| F|  |TAMS 0x0000000719800000| PB 0x0000000719800000| Untracked 
| 193|0x0000000719a00000, 0x0000000719a00000, 0x0000000719c00000|  0%| F|  |TAMS 0x0000000719a00000| PB 0x0000000719a00000| Untracked 
| 194|0x0000000719c00000, 0x0000000719c00000, 0x0000000719e00000|  0%| F|  |TAMS 0x0000000719c00000| PB 0x0000000719c00000| Untracked 
| 195|0x0000000719e00000, 0x0000000719e00000, 0x000000071a000000|  0%| F|  |TAMS 0x0000000719e00000| PB 0x0000000719e00000| Untracked 
| 196|0x000000071a000000, 0x000000071a000000, 0x000000071a200000|  0%| F|  |TAMS 0x000000071a000000| PB 0x000000071a000000| Untracked 
| 197|0x000000071a200000, 0x000000071a200000, 0x000000071a400000|  0%| F|  |TAMS 0x000000071a200000| PB 0x000000071a200000| Untracked 
| 198|0x000000071a400000, 0x000000071a400000, 0x000000071a600000|  0%| F|  |TAMS 0x000000071a400000| PB 0x000000071a400000| Untracked 
| 199|0x000000071a600000, 0x000000071a600000, 0x000000071a800000|  0%| F|  |TAMS 0x000000071a600000| PB 0x000000071a600000| Untracked 
| 200|0x000000071a800000, 0x000000071a800000, 0x000000071aa00000|  0%| F|  |TAMS 0x000000071a800000| PB 0x000000071a800000| Untracked 
| 201|0x000000071aa00000, 0x000000071aa00000, 0x000000071ac00000|  0%| F|  |TAMS 0x000000071aa00000| PB 0x000000071aa00000| Untracked 
| 202|0x000000071ac00000, 0x000000071ac00000, 0x000000071ae00000|  0%| F|  |TAMS 0x000000071ac00000| PB 0x000000071ac00000| Untracked 
| 203|0x000000071ae00000, 0x000000071ae00000, 0x000000071b000000|  0%| F|  |TAMS 0x000000071ae00000| PB 0x000000071ae00000| Untracked 
| 204|0x000000071b000000, 0x000000071b000000, 0x000000071b200000|  0%| F|  |TAMS 0x000000071b000000| PB 0x000000071b000000| Untracked 
| 205|0x000000071b200000, 0x000000071b200000, 0x000000071b400000|  0%| F|  |TAMS 0x000000071b200000| PB 0x000000071b200000| Untracked 
| 206|0x000000071b400000, 0x000000071b400000, 0x000000071b600000|  0%| F|  |TAMS 0x000000071b400000| PB 0x000000071b400000| Untracked 
| 207|0x000000071b600000, 0x000000071b600000, 0x000000071b800000|  0%| F|  |TAMS 0x000000071b600000| PB 0x000000071b600000| Untracked 
| 208|0x000000071b800000, 0x000000071b800000, 0x000000071ba00000|  0%| F|  |TAMS 0x000000071b800000| PB 0x000000071b800000| Untracked 
| 209|0x000000071ba00000, 0x000000071ba00000, 0x000000071bc00000|  0%| F|  |TAMS 0x000000071ba00000| PB 0x000000071ba00000| Untracked 
| 210|0x000000071bc00000, 0x000000071bc00000, 0x000000071be00000|  0%| F|  |TAMS 0x000000071bc00000| PB 0x000000071bc00000| Untracked 
| 211|0x000000071be00000, 0x000000071be00000, 0x000000071c000000|  0%| F|  |TAMS 0x000000071be00000| PB 0x000000071be00000| Untracked 
| 212|0x000000071c000000, 0x000000071c000000, 0x000000071c200000|  0%| F|  |TAMS 0x000000071c000000| PB 0x000000071c000000| Untracked 
| 213|0x000000071c200000, 0x000000071c200000, 0x000000071c400000|  0%| F|  |TAMS 0x000000071c200000| PB 0x000000071c200000| Untracked 
| 214|0x000000071c400000, 0x000000071c400000, 0x000000071c600000|  0%| F|  |TAMS 0x000000071c400000| PB 0x000000071c400000| Untracked 
| 215|0x000000071c600000, 0x000000071c600000, 0x000000071c800000|  0%| F|  |TAMS 0x000000071c600000| PB 0x000000071c600000| Untracked 
| 216|0x000000071c800000, 0x000000071c800000, 0x000000071ca00000|  0%| F|  |TAMS 0x000000071c800000| PB 0x000000071c800000| Untracked 
| 217|0x000000071ca00000, 0x000000071cba9060, 0x000000071cc00000| 83%| E|  |TAMS 0x000000071ca00000| PB 0x000000071ca00000| Complete 
| 218|0x000000071cc00000, 0x000000071ce00000, 0x000000071ce00000|100%| E|CS|TAMS 0x000000071cc00000| PB 0x000000071cc00000| Complete 
| 219|0x000000071ce00000, 0x000000071d000000, 0x000000071d000000|100%| E|CS|TAMS 0x000000071ce00000| PB 0x000000071ce00000| Complete 
| 220|0x000000071d000000, 0x000000071d200000, 0x000000071d200000|100%| E|CS|TAMS 0x000000071d000000| PB 0x000000071d000000| Complete 
| 221|0x000000071d200000, 0x000000071d400000, 0x000000071d400000|100%| E|CS|TAMS 0x000000071d200000| PB 0x000000071d200000| Complete 
| 222|0x000000071d400000, 0x000000071d600000, 0x000000071d600000|100%| E|CS|TAMS 0x000000071d400000| PB 0x000000071d400000| Complete 
| 223|0x000000071d600000, 0x000000071d800000, 0x000000071d800000|100%| E|CS|TAMS 0x000000071d600000| PB 0x000000071d600000| Complete 
| 224|0x000000071d800000, 0x000000071da00000, 0x000000071da00000|100%| E|CS|TAMS 0x000000071d800000| PB 0x000000071d800000| Complete 
| 225|0x000000071da00000, 0x000000071dc00000, 0x000000071dc00000|100%| E|CS|TAMS 0x000000071da00000| PB 0x000000071da00000| Complete 
| 226|0x000000071dc00000, 0x000000071de00000, 0x000000071de00000|100%| E|CS|TAMS 0x000000071dc00000| PB 0x000000071dc00000| Complete 
| 227|0x000000071de00000, 0x000000071e000000, 0x000000071e000000|100%| E|CS|TAMS 0x000000071de00000| PB 0x000000071de00000| Complete 
| 228|0x000000071e000000, 0x000000071e200000, 0x000000071e200000|100%| E|CS|TAMS 0x000000071e000000| PB 0x000000071e000000| Complete 
| 229|0x000000071e200000, 0x000000071e400000, 0x000000071e400000|100%| E|CS|TAMS 0x000000071e200000| PB 0x000000071e200000| Complete 
| 230|0x000000071e400000, 0x000000071e600000, 0x000000071e600000|100%| E|CS|TAMS 0x000000071e400000| PB 0x000000071e400000| Complete 
| 231|0x000000071e600000, 0x000000071e800000, 0x000000071e800000|100%| E|CS|TAMS 0x000000071e600000| PB 0x000000071e600000| Complete 
| 232|0x000000071e800000, 0x000000071ea00000, 0x000000071ea00000|100%| E|CS|TAMS 0x000000071e800000| PB 0x000000071e800000| Complete 
| 233|0x000000071ea00000, 0x000000071ec00000, 0x000000071ec00000|100%| E|CS|TAMS 0x000000071ea00000| PB 0x000000071ea00000| Complete 
| 234|0x000000071ec00000, 0x000000071ee00000, 0x000000071ee00000|100%| E|CS|TAMS 0x000000071ec00000| PB 0x000000071ec00000| Complete 
| 235|0x000000071ee00000, 0x000000071f000000, 0x000000071f000000|100%| E|CS|TAMS 0x000000071ee00000| PB 0x000000071ee00000| Complete 
| 236|0x000000071f000000, 0x000000071f200000, 0x000000071f200000|100%| E|CS|TAMS 0x000000071f000000| PB 0x000000071f000000| Complete 
| 237|0x000000071f200000, 0x000000071f400000, 0x000000071f400000|100%| E|CS|TAMS 0x000000071f200000| PB 0x000000071f200000| Complete 
| 238|0x000000071f400000, 0x000000071f600000, 0x000000071f600000|100%| E|CS|TAMS 0x000000071f400000| PB 0x000000071f400000| Complete 
| 239|0x000000071f600000, 0x000000071f800000, 0x000000071f800000|100%| E|CS|TAMS 0x000000071f600000| PB 0x000000071f600000| Complete 
| 240|0x000000071f800000, 0x000000071fa00000, 0x000000071fa00000|100%| E|CS|TAMS 0x000000071f800000| PB 0x000000071f800000| Complete 
| 241|0x000000071fa00000, 0x000000071fc00000, 0x000000071fc00000|100%| E|CS|TAMS 0x000000071fa00000| PB 0x000000071fa00000| Complete 
| 242|0x000000071fc00000, 0x000000071fe00000, 0x000000071fe00000|100%| E|CS|TAMS 0x000000071fc00000| PB 0x000000071fc00000| Complete 
| 243|0x000000071fe00000, 0x0000000720000000, 0x0000000720000000|100%| E|CS|TAMS 0x000000071fe00000| PB 0x000000071fe00000| Complete 
| 244|0x0000000720000000, 0x0000000720200000, 0x0000000720200000|100%| E|CS|TAMS 0x0000000720000000| PB 0x0000000720000000| Complete 
| 245|0x0000000720200000, 0x0000000720400000, 0x0000000720400000|100%| E|CS|TAMS 0x0000000720200000| PB 0x0000000720200000| Complete 
| 246|0x0000000720400000, 0x0000000720600000, 0x0000000720600000|100%| E|CS|TAMS 0x0000000720400000| PB 0x0000000720400000| Complete 
| 247|0x0000000720600000, 0x0000000720800000, 0x0000000720800000|100%| E|CS|TAMS 0x0000000720600000| PB 0x0000000720600000| Complete 
| 248|0x0000000720800000, 0x0000000720a00000, 0x0000000720a00000|100%| E|CS|TAMS 0x0000000720800000| PB 0x0000000720800000| Complete 
| 249|0x0000000720a00000, 0x0000000720c00000, 0x0000000720c00000|100%| E|CS|TAMS 0x0000000720a00000| PB 0x0000000720a00000| Complete 
| 250|0x0000000720c00000, 0x0000000720e00000, 0x0000000720e00000|100%| E|CS|TAMS 0x0000000720c00000| PB 0x0000000720c00000| Complete 
| 251|0x0000000720e00000, 0x0000000721000000, 0x0000000721000000|100%| E|CS|TAMS 0x0000000720e00000| PB 0x0000000720e00000| Complete 
| 252|0x0000000721000000, 0x0000000721200000, 0x0000000721200000|100%| E|CS|TAMS 0x0000000721000000| PB 0x0000000721000000| Complete 
| 253|0x0000000721200000, 0x0000000721400000, 0x0000000721400000|100%| E|CS|TAMS 0x0000000721200000| PB 0x0000000721200000| Complete 
| 254|0x0000000721400000, 0x0000000721600000, 0x0000000721600000|100%| E|CS|TAMS 0x0000000721400000| PB 0x0000000721400000| Complete 
| 255|0x0000000721600000, 0x0000000721800000, 0x0000000721800000|100%| E|CS|TAMS 0x0000000721600000| PB 0x0000000721600000| Complete 

Card table byte_map: [0x0000020e7ad80000,0x0000020e7b580000] _byte_map_base: 0x0000020e77574000

Marking Bits: (CMBitMap*) 0x0000020e67680ff0
 Bits: [0x0000020e7b580000, 0x0000020e7f520000)

Polling page: 0x0000020e69750000

Metaspace:

Usage:
  Non-class:     83.19 MB used.
      Class:     13.18 MB used.
       Both:     96.37 MB used.

Virtual space:
  Non-class space:      128.00 MB reserved,      83.62 MB ( 65%) committed,  2 nodes.
      Class space:        1.00 GB reserved,      13.75 MB (  1%) committed,  1 nodes.
             Both:        1.12 GB reserved,      97.38 MB (  8%) committed. 

Chunk freelists:
   Non-Class:  12.11 MB
       Class:  2.55 MB
        Both:  14.66 MB

MaxMetaspaceSize: unlimited
CompressedClassSpaceSize: 1.00 GB
Initial GC threshold: 21.00 MB
Current GC threshold: 162.31 MB
CDS: on
 - commit_granule_bytes: 65536.
 - commit_granule_words: 8192.
 - virtual_space_node_default_size: 8388608.
 - enlarge_chunks_in_place: 1.
 - use_allocation_guard: 0.


Internal statistics:

num_allocs_failed_limit: 12.
num_arena_births: 1302.
num_arena_deaths: 538.
num_vsnodes_births: 3.
num_vsnodes_deaths: 0.
num_space_committed: 1551.
num_space_uncommitted: 0.
num_chunks_returned_to_freelist: 673.
num_chunks_taken_from_freelist: 4268.
num_chunk_merges: 207.
num_chunk_splits: 2944.
num_chunks_enlarged: 2065.
num_inconsistent_stats: 0.

CodeHeap 'non-profiled nmethods': size=119168Kb used=24169Kb max_used=26971Kb free=94998Kb
 bounds [0x0000020e07ba0000, 0x0000020e09600000, 0x0000020e0f000000]
CodeHeap 'profiled nmethods': size=119104Kb used=23183Kb max_used=40183Kb free=95920Kb
 bounds [0x0000020e00000000, 0x0000020e02780000, 0x0000020e07450000]
CodeHeap 'non-nmethods': size=7488Kb used=2281Kb max_used=4134Kb free=5206Kb
 bounds [0x0000020e07450000, 0x0000020e07870000, 0x0000020e07ba0000]
 total_blobs=12104 nmethods=10898 adapters=1103
 compilation: enabled
              stopped_count=0, restarted_count=0
 full_count=0

Compilation events (20 events):
Event: 5372.703 Thread 0x0000020e71c1da00 nmethod 85592 0x0000020e0072ca90 code [0x0000020e0072ccc0, 0x0000020e0072d6b8]
Event: 5372.703 Thread 0x0000020e90b7a1d0 nmethod 85595 0x0000020e000a9110 code [0x0000020e000a92c0, 0x0000020e000a94f0]
Event: 5372.703 Thread 0x0000020e71c1da00 85596       3       ui.utils.swing.b.d::<init> (15 bytes)
Event: 5372.703 Thread 0x0000020e90b7a1d0 85597       3       ui.utils.swing.b.f::<init> (10 bytes)
Event: 5372.703 Thread 0x0000020e90b7a1d0 nmethod 85597 0x0000020e00177190 code [0x0000020e00177340, 0x0000020e00177510]
Event: 5372.703 Thread 0x0000020e71c1da00 nmethod 85596 0x0000020e000bbe10 code [0x0000020e000bbfc0, 0x0000020e000bc250]
Event: 5372.703 Thread 0x0000020e71c1da00 85593       3       ui.utils.swing.b.b::<init> (10 bytes)
Event: 5372.703 Thread 0x0000020e71c1da00 nmethod 85593 0x0000020e00182090 code [0x0000020e00182240, 0x0000020e00182410]
Event: 5372.703 Thread 0x0000020e90b7a1d0 85594       3       ui.utils.swing.b.e::<init> (10 bytes)
Event: 5372.703 Thread 0x0000020e71c1da00 85598       1       ui.dlg.c.e$a::getContainer (5 bytes)
Event: 5372.703 Thread 0x0000020e71c1da00 nmethod 85598 0x0000020e07bae710 code [0x0000020e07bae8a0, 0x0000020e07bae970]
Event: 5372.703 Thread 0x0000020e90b7a1d0 nmethod 85594 0x0000020e000e8610 code [0x0000020e000e87c0, 0x0000020e000e89f0]
Event: 5372.703 Thread 0x0000020e71c1b340 85599 %     4       java.lang.StackTraceElement::of @ 7 (30 bytes)
Event: 5372.704 Thread 0x0000020e71c1b340 nmethod 85599% 0x0000020e07e96f90 code [0x0000020e07e97140, 0x0000020e07e97318]
Event: 5374.186 Thread 0x0000020e71c1b340 85601       4       java.security.AccessControlContext::<init> (63 bytes)
Event: 5374.187 Thread 0x0000020e71c1b340 nmethod 85601 0x0000020e07bfcf90 code [0x0000020e07bfd120, 0x0000020e07bfd430]
Event: 5374.187 Thread 0x0000020e71c1b340 85600       4       java.security.ProtectionDomain$JavaSecurityAccessImpl::getCombinedACC (30 bytes)
Event: 5374.190 Thread 0x0000020e71c1b340 nmethod 85600 0x0000020e07f31490 code [0x0000020e07f31640, 0x0000020e07f31980]
Event: 5374.202 Thread 0x0000020e71c1da00 85602       3       javax.swing.JTable::setAutoCreateColumnsFromModel (36 bytes)
Event: 5374.202 Thread 0x0000020e71c1da00 nmethod 85602 0x0000020e0004f090 code [0x0000020e0004f260, 0x0000020e0004f600]

GC Heap History (20 events):
Event: 5349.051 GC heap before
{Heap before GC invocations=819 (full 497):
 garbage-first heap   total 524288K, used 223656K [0x0000000701800000, 0x0000000800000000)
  region size 2048K, 40 young (81920K), 0 survivors (0K)
 Metaspace       used 98661K, committed 99712K, reserved 1179648K
  class space    used 13498K, committed 14080K, reserved 1048576K
}
Event: 5349.053 GC heap after
{Heap after GC invocations=820 (full 497):
 garbage-first heap   total 524288K, used 142210K [0x0000000701800000, 0x0000000800000000)
  region size 2048K, 1 young (2048K), 1 survivors (2048K)
 Metaspace       used 98661K, committed 99712K, reserved 1179648K
  class space    used 13498K, committed 14080K, reserved 1048576K
}
Event: 5353.430 GC heap before
{Heap before GC invocations=820 (full 497):
 garbage-first heap   total 524288K, used 222082K [0x0000000701800000, 0x0000000800000000)
  region size 2048K, 40 young (81920K), 1 survivors (2048K)
 Metaspace       used 98664K, committed 99712K, reserved 1179648K
  class space    used 13498K, committed 14080K, reserved 1048576K
}
Event: 5353.431 GC heap after
{Heap after GC invocations=821 (full 497):
 garbage-first heap   total 524288K, used 142239K [0x0000000701800000, 0x0000000800000000)
  region size 2048K, 1 young (2048K), 1 survivors (2048K)
 Metaspace       used 98664K, committed 99712K, reserved 1179648K
  class space    used 13498K, committed 14080K, reserved 1048576K
}
Event: 5355.723 GC heap before
{Heap before GC invocations=821 (full 497):
 garbage-first heap   total 524288K, used 170911K [0x0000000701800000, 0x0000000800000000)
  region size 2048K, 11 young (22528K), 1 survivors (2048K)
 Metaspace       used 98665K, committed 99712K, reserved 1179648K
  class space    used 13498K, committed 14080K, reserved 1048576K
}
Event: 5355.725 GC heap after
{Heap after GC invocations=822 (full 497):
 garbage-first heap   total 524288K, used 152822K [0x0000000701800000, 0x0000000800000000)
  region size 2048K, 1 young (2048K), 1 survivors (2048K)
 Metaspace       used 98665K, committed 99712K, reserved 1179648K
  class space    used 13498K, committed 14080K, reserved 1048576K
}
Event: 5355.726 GC heap before
{Heap before GC invocations=822 (full 497):
 garbage-first heap   total 524288K, used 152822K [0x0000000701800000, 0x0000000800000000)
  region size 2048K, 2 young (4096K), 1 survivors (2048K)
 Metaspace       used 98665K, committed 99712K, reserved 1179648K
  class space    used 13498K, committed 14080K, reserved 1048576K
}
Event: 5355.802 GC heap after
{Heap after GC invocations=823 (full 498):
 garbage-first heap   total 524288K, used 133251K [0x0000000701800000, 0x0000000800000000)
  region size 2048K, 0 young (0K), 0 survivors (0K)
 Metaspace       used 98665K, committed 99712K, reserved 1179648K
  class space    used 13498K, committed 14080K, reserved 1048576K
}
Event: 5358.442 GC heap before
{Heap before GC invocations=823 (full 498):
 garbage-first heap   total 524288K, used 180355K [0x0000000701800000, 0x0000000800000000)
  region size 2048K, 20 young (40960K), 0 survivors (0K)
 Metaspace       used 98685K, committed 99712K, reserved 1179648K
  class space    used 13498K, committed 14080K, reserved 1048576K
}
Event: 5358.445 GC heap after
{Heap after GC invocations=824 (full 498):
 garbage-first heap   total 524288K, used 142042K [0x0000000701800000, 0x0000000800000000)
  region size 2048K, 1 young (2048K), 1 survivors (2048K)
 Metaspace       used 98685K, committed 99712K, reserved 1179648K
  class space    used 13498K, committed 14080K, reserved 1048576K
}
Event: 5358.445 GC heap before
{Heap before GC invocations=824 (full 498):
 garbage-first heap   total 524288K, used 142042K [0x0000000701800000, 0x0000000800000000)
  region size 2048K, 2 young (4096K), 1 survivors (2048K)
 Metaspace       used 98685K, committed 99712K, reserved 1179648K
  class space    used 13498K, committed 14080K, reserved 1048576K
}
Event: 5358.517 GC heap after
{Heap after GC invocations=825 (full 499):
 garbage-first heap   total 524288K, used 131154K [0x0000000701800000, 0x0000000800000000)
  region size 2048K, 0 young (0K), 0 survivors (0K)
 Metaspace       used 98685K, committed 99712K, reserved 1179648K
  class space    used 13498K, committed 14080K, reserved 1048576K
}
Event: 5360.680 GC heap before
{Heap before GC invocations=825 (full 499):
 garbage-first heap   total 524288K, used 213074K [0x0000000701800000, 0x0000000800000000)
  region size 2048K, 40 young (81920K), 0 survivors (0K)
 Metaspace       used 98685K, committed 99712K, reserved 1179648K
  class space    used 13498K, committed 14080K, reserved 1048576K
}
Event: 5360.684 GC heap after
{Heap after GC invocations=826 (full 499):
 garbage-first heap   total 1572864K, used 131350K [0x0000000701800000, 0x0000000800000000)
  region size 2048K, 1 young (2048K), 1 survivors (2048K)
 Metaspace       used 98685K, committed 99712K, reserved 1179648K
  class space    used 13498K, committed 14080K, reserved 1048576K
}
Event: 5363.543 GC heap before
{Heap before GC invocations=826 (full 499):
 garbage-first heap   total 1572864K, used 211222K [0x0000000701800000, 0x0000000800000000)
  region size 2048K, 40 young (81920K), 1 survivors (2048K)
 Metaspace       used 98685K, committed 99712K, reserved 1179648K
  class space    used 13498K, committed 14080K, reserved 1048576K
}
Event: 5363.544 GC heap after
{Heap after GC invocations=827 (full 499):
 garbage-first heap   total 1572864K, used 131328K [0x0000000701800000, 0x0000000800000000)
  region size 2048K, 1 young (2048K), 1 survivors (2048K)
 Metaspace       used 98685K, committed 99712K, reserved 1179648K
  class space    used 13498K, committed 14080K, reserved 1048576K
}
Event: 5367.155 GC heap before
{Heap before GC invocations=827 (full 499):
 garbage-first heap   total 1572864K, used 211200K [0x0000000701800000, 0x0000000800000000)
  region size 2048K, 40 young (81920K), 1 survivors (2048K)
 Metaspace       used 98686K, committed 99712K, reserved 1179648K
  class space    used 13498K, committed 14080K, reserved 1048576K
}
Event: 5367.156 GC heap after
{Heap after GC invocations=828 (full 499):
 garbage-first heap   total 1572864K, used 131680K [0x0000000701800000, 0x0000000800000000)
  region size 2048K, 1 young (2048K), 1 survivors (2048K)
 Metaspace       used 98686K, committed 99712K, reserved 1179648K
  class space    used 13498K, committed 14080K, reserved 1048576K
}
Event: 5370.100 GC heap before
{Heap before GC invocations=828 (full 499):
 garbage-first heap   total 1572864K, used 186976K [0x0000000701800000, 0x0000000800000000)
  region size 2048K, 29 young (59392K), 1 survivors (2048K)
 Metaspace       used 98686K, committed 99712K, reserved 1179648K
  class space    used 13498K, committed 14080K, reserved 1048576K
}
Event: 5370.190 GC heap after
{Heap after GC invocations=829 (full 500):
 garbage-first heap   total 524288K, used 131361K [0x0000000701800000, 0x0000000800000000)
  region size 2048K, 0 young (0K), 0 survivors (0K)
 Metaspace       used 98686K, committed 99712K, reserved 1179648K
  class space    used 13498K, committed 14080K, reserved 1048576K
}

Dll operation events (20 events):
Event: 5.941 Loaded shared library C:\Xilinx\Vivado\2024.2\lib\win64.o\xv_labtoolstasks.dll
Event: 5.972 Loaded shared library C:\Xilinx\Vivado\2024.2\lib\win64.o\xv_simtcltasks.dll
Event: 6.039 Loaded shared library C:\Xilinx\Vivado\2024.2\lib\win64.o\xv_ipservicestasks.dll
Event: 6.040 Loaded shared library C:\Xilinx\Vivado\2024.2\lib\win64.o\xv_vivadotasks.dll
Event: 6.041 Loaded shared library C:\Xilinx\Vivado\2024.2\lib\win64.o\xv_board.dll
Event: 6.042 Loaded shared library C:\Xilinx\Vivado\2024.2\lib\win64.o\xv_boarddep.dll
Event: 6.042 Loaded shared library C:\Xilinx\Vivado\2024.2\lib\win64.o\xv_boardcommontasks.dll
Event: 6.043 Loaded shared library C:\Xilinx\Vivado\2024.2\lib\win64.o\xv_ptgen.dll
Event: 6.044 Loaded shared library C:\Xilinx\Vivado\2024.2\lib\win64.o\xv_ip.dll
Event: 6.045 Loaded shared library C:\Xilinx\Vivado\2024.2\lib\win64.o\xv_mig.dll
Event: 6.046 Loaded shared library C:\Xilinx\Vivado\2024.2\lib\win64.o\xv_implflow.dll
Event: 6.048 Loaded shared library C:\Xilinx\Vivado\2024.2\lib\win64.o\xv_xhubtasks.dll
Event: 6.130 Loaded shared library C:\Xilinx\Vivado\2024.2\lib\win64.o\xv_iptasks.dll
Event: 6.131 Loaded shared library C:\Xilinx\Vivado\2024.2\lib\win64.o\xv_synth.dll
Event: 7.361 Loaded shared library C:\Xilinx\Vivado\2024.2\tps\win64\jre21.0.1_12\bin\verify.dll
Event: 7.464 Loaded shared library C:\Xilinx\Vivado\2024.2\tps\win64\jre21.0.1_12\bin\freetype.dll
Event: 7.467 Loaded shared library C:\Xilinx\Vivado\2024.2\tps\win64\jre21.0.1_12\bin\fontmanager.dll
Event: 20.141 Loaded shared library C:\Xilinx\Vivado\2024.2\lib\win64.o\xv_xhub.dll
Event: 26.348 Loaded shared library C:\Xilinx\Vivado\2024.2\tps\win64\jre21.0.1_12\bin\management.dll
Event: 26.352 Loaded shared library C:\Xilinx\Vivado\2024.2\tps\win64\jre21.0.1_12\bin\management_ext.dll

Deoptimization events (20 events):
Event: 5366.313 Thread 0x0000020e58475be0 Uncommon trap: trap_request=0xffffffc6 fr.pc=0x0000020e095d2b70 relative=0x00000000000019b0
Event: 5366.313 Thread 0x0000020e58475be0 Uncommon trap: reason=bimorphic_or_optimized_type_check action=maybe_recompile pc=0x0000020e095d2b70 method=javax.swing.plaf.basic.BasicToolTipUI.componentChanged(Ljavax/swing/JComponent;)V @ 13 c2
Event: 5366.313 Thread 0x0000020e58475be0 DEOPT PACKING pc=0x0000020e095d2b70 sp=0x000000b3732fe570
Event: 5366.313 Thread 0x0000020e58475be0 DEOPT UNPACKING pc=0x0000020e074a46a2 sp=0x000000b3732fe568 mode 2
Event: 5366.318 Thread 0x0000020e58475be0 Uncommon trap: trap_request=0xffffffc6 fr.pc=0x0000020e089c9004 relative=0x0000000000001e04
Event: 5366.318 Thread 0x0000020e58475be0 Uncommon trap: reason=bimorphic_or_optimized_type_check action=maybe_recompile pc=0x0000020e089c9004 method=ui.utils.j.j.X.b(Ljavax/swing/JTable;IIZ)I @ 3 c2
Event: 5366.318 Thread 0x0000020e58475be0 DEOPT PACKING pc=0x0000020e089c9004 sp=0x000000b3732fe550
Event: 5366.318 Thread 0x0000020e58475be0 DEOPT UNPACKING pc=0x0000020e074a46a2 sp=0x000000b3732fe538 mode 2
Event: 5366.328 Thread 0x0000020e58475be0 Uncommon trap: trap_request=0xffffffc6 fr.pc=0x0000020e095d2b70 relative=0x00000000000019b0
Event: 5366.328 Thread 0x0000020e58475be0 Uncommon trap: reason=bimorphic_or_optimized_type_check action=maybe_recompile pc=0x0000020e095d2b70 method=javax.swing.plaf.basic.BasicToolTipUI.componentChanged(Ljavax/swing/JComponent;)V @ 13 c2
Event: 5366.328 Thread 0x0000020e58475be0 DEOPT PACKING pc=0x0000020e095d2b70 sp=0x000000b3732fe500
Event: 5366.329 Thread 0x0000020e58475be0 DEOPT UNPACKING pc=0x0000020e074a46a2 sp=0x000000b3732fe4f8 mode 2
Event: 5366.375 Thread 0x0000020e58475be0 Uncommon trap: trap_request=0xffffffc6 fr.pc=0x0000020e095d2b70 relative=0x00000000000019b0
Event: 5366.375 Thread 0x0000020e58475be0 Uncommon trap: reason=bimorphic_or_optimized_type_check action=maybe_recompile pc=0x0000020e095d2b70 method=javax.swing.plaf.basic.BasicToolTipUI.componentChanged(Ljavax/swing/JComponent;)V @ 13 c2
Event: 5366.375 Thread 0x0000020e58475be0 DEOPT PACKING pc=0x0000020e095d2b70 sp=0x000000b3732fe500
Event: 5366.375 Thread 0x0000020e58475be0 DEOPT UNPACKING pc=0x0000020e074a46a2 sp=0x000000b3732fe4f8 mode 2
Event: 5366.401 Thread 0x0000020e58475be0 Uncommon trap: trap_request=0xffffffc6 fr.pc=0x0000020e095d2b70 relative=0x00000000000019b0
Event: 5366.401 Thread 0x0000020e58475be0 Uncommon trap: reason=bimorphic_or_optimized_type_check action=maybe_recompile pc=0x0000020e095d2b70 method=javax.swing.plaf.basic.BasicToolTipUI.componentChanged(Ljavax/swing/JComponent;)V @ 13 c2
Event: 5366.401 Thread 0x0000020e58475be0 DEOPT PACKING pc=0x0000020e095d2b70 sp=0x000000b3732fe500
Event: 5366.401 Thread 0x0000020e58475be0 DEOPT UNPACKING pc=0x0000020e074a46a2 sp=0x000000b3732fe4f8 mode 2

Classes loaded (20 events):
Event: 4242.906 Loading class sun/text/resources/BreakIteratorResources_en
Event: 4242.906 Loading class sun/text/resources/BreakIteratorResources_en done
Event: 4242.906 Loading class sun/text/resources/BreakIteratorResources_en_US
Event: 4242.906 Loading class sun/text/resources/BreakIteratorResources_en_US done
Event: 4242.907 Loading class sun/text/RuleBasedBreakIterator
Event: 4242.908 Loading class sun/text/RuleBasedBreakIterator done
Event: 4242.917 Loading class sun/text/CompactByteArray
Event: 4242.918 Loading class sun/text/CompactByteArray done
Event: 4242.919 Loading class sun/text/SupplementaryCharacterData
Event: 4242.919 Loading class sun/text/SupplementaryCharacterData done
Event: 4242.919 Loading class java/text/BreakIterator$BreakIteratorCache
Event: 4242.920 Loading class java/text/BreakIterator$BreakIteratorCache done
Event: 4399.741 Loading class sun/util/locale/LocaleExtensions
Event: 4399.742 Loading class sun/util/locale/LocaleExtensions done
Event: 4851.109 Loading class javax/swing/plaf/basic/BasicSplitPaneDivider$DragController
Event: 4851.110 Loading class javax/swing/plaf/basic/BasicSplitPaneDivider$DragController done
Event: 4855.678 Loading class sun/awt/geom/Crossings
Event: 4855.680 Loading class sun/awt/geom/Crossings done
Event: 4855.680 Loading class sun/awt/geom/Crossings$EvenOdd
Event: 4855.680 Loading class sun/awt/geom/Crossings$EvenOdd done

Classes unloaded (20 events):
Event: 4926.399 Thread 0x0000020e702a8ec0 Unloading class 0x0000020e12778c00 'java/lang/invoke/LambdaForm$MH+0x0000020e12778c00'
Event: 4926.399 Thread 0x0000020e702a8ec0 Unloading class 0x0000020e12778800 'java/lang/invoke/LambdaForm$MH+0x0000020e12778800'
Event: 4926.399 Thread 0x0000020e702a8ec0 Unloading class 0x0000020e12778400 'java/lang/invoke/LambdaForm$MH+0x0000020e12778400'
Event: 4926.399 Thread 0x0000020e702a8ec0 Unloading class 0x0000020e12778000 'java/lang/invoke/LambdaForm$MH+0x0000020e12778000'
Event: 4926.400 Thread 0x0000020e702a8ec0 Unloading class 0x0000020e12775400 'java/lang/invoke/LambdaForm$MH+0x0000020e12775400'
Event: 4926.400 Thread 0x0000020e702a8ec0 Unloading class 0x0000020e12775000 'java/lang/invoke/LambdaForm$MH+0x0000020e12775000'
Event: 4926.400 Thread 0x0000020e702a8ec0 Unloading class 0x0000020e12774c00 'java/lang/invoke/LambdaForm$MH+0x0000020e12774c00'
Event: 4926.400 Thread 0x0000020e702a8ec0 Unloading class 0x0000020e12015400 'java/lang/invoke/LambdaForm$MH+0x0000020e12015400'
Event: 4926.400 Thread 0x0000020e702a8ec0 Unloading class 0x0000020e1200d400 'java/lang/invoke/LambdaForm$MH+0x0000020e1200d400'
Event: 4926.400 Thread 0x0000020e702a8ec0 Unloading class 0x0000020e1200c400 'java/lang/invoke/LambdaForm$MH+0x0000020e1200c400'
Event: 5027.014 Thread 0x0000020e702a8ec0 Unloading class 0x0000020e12da6000 'java/lang/invoke/LambdaForm$MH+0x0000020e12da6000'
Event: 5027.014 Thread 0x0000020e702a8ec0 Unloading class 0x0000020e12da5c00 'java/lang/invoke/LambdaForm$MH+0x0000020e12da5c00'
Event: 5027.014 Thread 0x0000020e702a8ec0 Unloading class 0x0000020e12da5400 'java/lang/invoke/LambdaForm$MH+0x0000020e12da5400'
Event: 5027.014 Thread 0x0000020e702a8ec0 Unloading class 0x0000020e12da5000 'java/lang/invoke/LambdaForm$MH+0x0000020e12da5000'
Event: 5027.014 Thread 0x0000020e702a8ec0 Unloading class 0x0000020e12da4c00 'java/lang/invoke/LambdaForm$MH+0x0000020e12da4c00'
Event: 5027.014 Thread 0x0000020e702a8ec0 Unloading class 0x0000020e12da4800 'java/lang/invoke/LambdaForm$BMH+0x0000020e12da4800'
Event: 5071.534 Thread 0x0000020e702a8ec0 Unloading class 0x0000020e122c4000 'java/lang/invoke/LambdaForm$MH+0x0000020e122c4000'
Event: 5169.248 Thread 0x0000020e702a8ec0 Unloading class 0x0000020e1277d800 'java/lang/invoke/LambdaForm$MH+0x0000020e1277d800'
Event: 5169.248 Thread 0x0000020e702a8ec0 Unloading class 0x0000020e1277d400 'java/lang/invoke/LambdaForm$MH+0x0000020e1277d400'
Event: 5169.248 Thread 0x0000020e702a8ec0 Unloading class 0x0000020e1277cc00 'java/lang/invoke/LambdaForm$MH+0x0000020e1277cc00'

Classes redefined (0 events):
No events

Internal exceptions (20 events):
Event: 4242.904 Thread 0x0000020e58475be0 Implicit null exception at 0x0000020e07e43193 to 0x0000020e07e43280
Event: 4393.734 Thread 0x0000020e58475be0 Implicit null exception at 0x0000020e08396475 to 0x0000020e08397170
Event: 4552.421 Thread 0x0000020e5a388cd0 Exception <a 'java/lang/InterruptedException'{0x000000071dd17068}: sleep interrupted> (0x000000071dd17068) 
thrown [s\src\hotspot\share\prims\jvm.cpp, line 3074]
Event: 4559.828 Thread 0x0000020e908f38a0 Exception <a 'java/lang/InterruptedException'{0x000000071ff88890}: sleep interrupted> (0x000000071ff88890) 
thrown [s\src\hotspot\share\prims\jvm.cpp, line 3074]
Event: 4572.348 Thread 0x0000020e8f8f9170 Exception <a 'java/lang/InterruptedException'{0x000000071d574bd0}: sleep interrupted> (0x000000071d574bd0) 
thrown [s\src\hotspot\share\prims\jvm.cpp, line 3074]
Event: 4578.329 Thread 0x0000020e908f6690 Exception <a 'ui/frmwork/cmd/CommandFailedException'{0x0000000721714a58}> (0x0000000721714a58) 
thrown [s\src\hotspot\share\prims\jni.cpp, line 520]
Event: 4602.260 Thread 0x0000020e908f0ab0 Exception <a 'java/lang/InterruptedException'{0x000000071f40ddf8}: sleep interrupted> (0x000000071f40ddf8) 
thrown [s\src\hotspot\share\prims\jvm.cpp, line 3074]
Event: 4609.587 Thread 0x0000020e908f38a0 Exception <a 'ui/frmwork/cmd/CommandFailedException'{0x0000000720f55538}> (0x0000000720f55538) 
thrown [s\src\hotspot\share\prims\jni.cpp, line 520]
Event: 4613.852 Thread 0x0000020e58475be0 Implicit null exception at 0x0000020e07ef7428 to 0x0000020e07ef756c
Event: 4613.868 Thread 0x0000020e58475be0 Implicit null exception at 0x0000020e092c5340 to 0x0000020e092c5f6c
Event: 4624.242 Thread 0x0000020e8f8f7dc0 Exception <a 'java/lang/InterruptedException'{0x000000071dd09b08}: sleep interrupted> (0x000000071dd09b08) 
thrown [s\src\hotspot\share\prims\jvm.cpp, line 3074]
Event: 4632.401 Thread 0x0000020e8f8f9170 Exception <a 'java/lang/InterruptedException'{0x000000071f382838}: sleep interrupted> (0x000000071f382838) 
thrown [s\src\hotspot\share\prims\jvm.cpp, line 3052]
Event: 4869.571 Thread 0x0000020e908f52e0 Exception <a 'java/lang/InterruptedException'{0x000000071ccefc80}: sleep interrupted> (0x000000071ccefc80) 
thrown [s\src\hotspot\share\prims\jvm.cpp, line 3074]
Event: 4873.926 Thread 0x0000020e8f8f7730 Exception <a 'java/lang/InterruptedException'{0x000000071ddba748}: sleep interrupted> (0x000000071ddba748) 
thrown [s\src\hotspot\share\prims\jvm.cpp, line 3074]
Event: 4905.416 Thread 0x0000020e908f6690 Exception <a 'java/lang/InterruptedException'{0x000000071e5e5c10}: sleep interrupted> (0x000000071e5e5c10) 
thrown [s\src\hotspot\share\prims\jvm.cpp, line 3074]
Event: 5002.601 Thread 0x0000020e5a38a080 Exception <a 'java/lang/InterruptedException'{0x0000000720000840}: sleep interrupted> (0x0000000720000840) 
thrown [s\src\hotspot\share\prims\jvm.cpp, line 3074]
Event: 5017.812 Thread 0x0000020e908f6690 Exception <a 'java/lang/InterruptedException'{0x000000071f2353e8}: sleep interrupted> (0x000000071f2353e8) 
thrown [s\src\hotspot\share\prims\jvm.cpp, line 3074]
Event: 5121.254 Thread 0x0000020e908efd90 Exception <a 'java/lang/InterruptedException'{0x000000075f88f6e8}: sleep interrupted> (0x000000075f88f6e8) 
thrown [s\src\hotspot\share\prims\jvm.cpp, line 3074]
Event: 5125.949 Thread 0x0000020e8f8f7730 Exception <a 'java/lang/InterruptedException'{0x000000075e83a300}: sleep interrupted> (0x000000075e83a300) 
thrown [s\src\hotspot\share\prims\jvm.cpp, line 3074]
Event: 5156.113 Thread 0x0000020e8f8f3590 Exception <a 'java/lang/InterruptedException'{0x000000075e3a8ea0}: sleep interrupted> (0x000000075e3a8ea0) 
thrown [s\src\hotspot\share\prims\jvm.cpp, line 3074]

ZGC Phase Switch (0 events):
No events

VM Operations (20 events):
Event: 5358.442 Executing VM operation: G1CollectForAllocation (GCLocker Initiated GC)
Event: 5358.445 Executing VM operation: G1CollectForAllocation (GCLocker Initiated GC) done
Event: 5358.445 Executing VM operation: G1CollectFull (System.gc())
Event: 5358.445 Executing VM operation: G1CollectFull (System.gc()) done
Event: 5358.445 Executing VM operation: G1CollectFull (System.gc())
Event: 5358.517 Executing VM operation: G1CollectFull (System.gc()) done
Event: 5360.680 Executing VM operation: G1CollectForAllocation (G1 Evacuation Pause)
Event: 5360.684 Executing VM operation: G1CollectForAllocation (G1 Evacuation Pause) done
Event: 5363.543 Executing VM operation: G1CollectForAllocation (G1 Evacuation Pause)
Event: 5363.544 Executing VM operation: G1CollectForAllocation (G1 Evacuation Pause) done
Event: 5367.154 Executing VM operation: G1CollectForAllocation (G1 Evacuation Pause)
Event: 5367.157 Executing VM operation: G1CollectForAllocation (G1 Evacuation Pause) done
Event: 5368.157 Executing VM operation: Cleanup
Event: 5368.157 Executing VM operation: Cleanup done
Event: 5370.100 Executing VM operation: G1CollectFull (System.gc())
Event: 5370.190 Executing VM operation: G1CollectFull (System.gc()) done
Event: 5371.201 Executing VM operation: Cleanup
Event: 5371.201 Executing VM operation: Cleanup done
Event: 5372.202 Executing VM operation: Cleanup
Event: 5372.202 Executing VM operation: Cleanup done

Events (20 events):
Event: 5370.146 Thread 0x0000020e702a8ec0 flushing nmethod 0x0000020e07bc8a10
Event: 5370.146 Thread 0x0000020e702a8ec0 flushing nmethod 0x0000020e07bb9510
Event: 5370.146 Thread 0x0000020e702a8ec0 flushing nmethod 0x0000020e07bae710
Event: 5370.146 Thread 0x0000020e702a8ec0 flushing nmethod 0x0000020e07ba0010
Event: 5370.190 Thread 0x0000020e8f8f7dc0 Thread exited: 0x0000020e8f8f7dc0
Event: 5370.436 Thread 0x0000020e8f8f7dc0 Thread added: 0x0000020e8f8f7dc0
Event: 5370.438 Thread 0x0000020e8f8f7dc0 Thread exited: 0x0000020e8f8f7dc0
Event: 5371.011 Thread 0x0000020e90b75db0 Thread exited: 0x0000020e90b75db0
Event: 5371.436 Thread 0x0000020e8f8f7dc0 Thread added: 0x0000020e8f8f7dc0
Event: 5371.439 Thread 0x0000020e8f8f7dc0 Thread exited: 0x0000020e8f8f7dc0
Event: 5372.437 Thread 0x0000020e8f8f42b0 Thread added: 0x0000020e8f8f42b0
Event: 5372.440 Thread 0x0000020e8f8f42b0 Thread exited: 0x0000020e8f8f42b0
Event: 5372.703 Thread 0x0000020e8f8f7dc0 Thread added: 0x0000020e8f8f7dc0
Event: 5372.714 Thread 0x0000020e8f8f7dc0 Thread exited: 0x0000020e8f8f7dc0
Event: 5373.437 Thread 0x0000020e8f8f7dc0 Thread added: 0x0000020e8f8f7dc0
Event: 5373.440 Thread 0x0000020e8f8f7dc0 Thread exited: 0x0000020e8f8f7dc0
Event: 5374.164 Thread 0x0000020e8f8f5660 Thread added: 0x0000020e8f8f5660
Event: 5374.186 Thread 0x0000020e90b7a1d0 Thread exited: 0x0000020e90b7a1d0
Event: 5374.439 Thread 0x0000020e8f8f7dc0 Thread added: 0x0000020e8f8f7dc0
Event: 5374.442 Thread 0x0000020e8f8f7dc0 Thread exited: 0x0000020e8f8f7dc0


Dynamic libraries:
0x00007ff735ae0000 - 0x00007ff735ae8000 	C:\Xilinx\Vivado\2024.2\bin\unwrapped\win64.o\vivado.exe
0x00007ff8c2d90000 - 0x00007ff8c2fa7000 	C:\windows\SYSTEM32\ntdll.dll
0x00007ff8c1d70000 - 0x00007ff8c1e34000 	C:\windows\System32\KERNEL32.DLL
0x00007ff8c0460000 - 0x00007ff8c0831000 	C:\windows\System32\KERNELBASE.dll
0x00007ff8c00d0000 - 0x00007ff8c01e1000 	C:\windows\System32\ucrtbase.dll
0x00007ff8abe60000 - 0x00007ff8abeed000 	C:\windows\SYSTEM32\MSVCP140.dll
0x00007ff8abef0000 - 0x00007ff8abf0e000 	C:\windows\SYSTEM32\VCRUNTIME140.dll
0x00007ff8aeef0000 - 0x00007ff8aeefc000 	C:\windows\SYSTEM32\VCRUNTIME140_1.dll
0x00007ff89e9f0000 - 0x00007ff89ea17000 	C:\Xilinx\Vivado\2024.2\lib\win64.o\xv_commonmain.dll
0x00007ff8b0590000 - 0x00007ff8b059c000 	C:\Xilinx\Vivado\2024.2\lib\win64.o\xv_commonversion.dll
0x00007ff829720000 - 0x00007ff82996d000 	C:\Xilinx\Vivado\2024.2\lib\win64.o\xv_commonxillic.dll
0x00007ff8c2a10000 - 0x00007ff8c2a81000 	C:\windows\System32\WS2_32.dll
0x00007ff8c0fd0000 - 0x00007ff8c10e4000 	C:\windows\System32\RPCRT4.dll
0x00007ff8c0430000 - 0x00007ff8c0458000 	C:\windows\System32\bcrypt.dll
0x00007ff8c2b70000 - 0x00007ff8c2d21000 	C:\windows\System32\USER32.dll
0x00007ff8c0840000 - 0x00007ff8c0866000 	C:\windows\System32\win32u.dll
0x00007ff8c2820000 - 0x00007ff8c2849000 	C:\windows\System32\GDI32.dll
0x00007ff8c01f0000 - 0x00007ff8c030b000 	C:\windows\System32\gdi32full.dll
0x00007ff8c0390000 - 0x00007ff8c042a000 	C:\windows\System32\msvcp_win.dll
0x00007ff8c0a60000 - 0x00007ff8c0b11000 	C:\windows\System32\ADVAPI32.dll
0x00007ff8c10f0000 - 0x00007ff8c1197000 	C:\windows\System32\msvcrt.dll
0x00007ff8c2850000 - 0x00007ff8c28f7000 	C:\windows\System32\sechost.dll
0x00007ff89d9f0000 - 0x00007ff89da1a000 	C:\Xilinx\Vivado\2024.2\lib\win64.o\boost_filesystem.dll
0x00007ff81eb20000 - 0x00007ff82018a000 	C:\Xilinx\Vivado\2024.2\lib\win64.o\xv_common.dll
0x00007ff8c1480000 - 0x00007ff8c1d08000 	C:\windows\System32\SHELL32.dll
0x00007ff8bfed0000 - 0x00007ff8c000f000 	C:\windows\System32\wintypes.dll
0x00007ff8c1e40000 - 0x00007ff8c21d0000 	C:\windows\System32\combase.dll
0x00007ff8c0310000 - 0x00007ff8c0382000 	C:\windows\System32\WINTRUST.dll
0x00007ff886030000 - 0x00007ff886039000 	C:\windows\SYSTEM32\WSOCK32.dll
0x00007ff8371b0000 - 0x00007ff837351000 	C:\Xilinx\Vivado\2024.2\lib\win64.o\tcl86t.dll
0x00007ff826a90000 - 0x00007ff826da6000 	C:\Xilinx\Vivado\2024.2\lib\win64.o\libXil_lmgr11.dll
0x00007ff8c0b20000 - 0x00007ff8c0c22000 	C:\windows\System32\COMDLG32.dll
0x00007ff8c2900000 - 0x00007ff8c2a0a000 	C:\windows\System32\shcore.dll
0x00007ff8c1260000 - 0x00007ff8c12be000 	C:\windows\System32\SHLWAPI.dll
0x00007ff8c2a90000 - 0x00007ff8c2b67000 	C:\windows\System32\OLEAUT32.dll
0x00007ff8c0c30000 - 0x00007ff8c0dd1000 	C:\windows\System32\ole32.dll
0x00007ff8c0870000 - 0x00007ff8c09d6000 	C:\windows\System32\CRYPT32.dll
0x00007ff8b1200000 - 0x00007ff8b1219000 	C:\windows\SYSTEM32\NETAPI32.dll
0x00007ff8a2d10000 - 0x00007ff8a320e000 	C:\windows\SYSTEM32\WININET.dll
0x00007ff8b9b90000 - 0x00007ff8b9cbc000 	C:\windows\SYSTEM32\WINHTTP.dll
0x00007ff87d9f0000 - 0x00007ff87dbe5000 	C:\windows\SYSTEM32\urlmon.dll
0x00007ff8235c0000 - 0x00007ff8239f0000 	C:\Xilinx\Vivado\2024.2\lib\win64.o\python38.dll
0x00007ff84fab0000 - 0x00007ff84fbf4000 	C:\Xilinx\Vivado\2024.2\lib\win64.o\boost_regex.dll
0x00007ff896f60000 - 0x00007ff896f87000 	C:\Xilinx\Vivado\2024.2\lib\win64.o\boost_thread.dll
0x00007ff8af180000 - 0x00007ff8af199000 	C:\Xilinx\Vivado\2024.2\lib\win64.o\boost_date_time.dll
0x00007ff88c630000 - 0x00007ff88c654000 	C:\Xilinx\Vivado\2024.2\lib\win64.o\xv_isl_sysinfo.dll
0x00007ff8714c0000 - 0x00007ff871554000 	C:\Xilinx\Vivado\2024.2\lib\win64.o\boost_program_options.dll
0x00007ff8a1480000 - 0x00007ff8a1490000 	C:\Xilinx\Vivado\2024.2\lib\win64.o\xv_boost_xilinx.dll
0x00007ff822a00000 - 0x00007ff822ea0000 	C:\Xilinx\Vivado\2024.2\lib\win64.o\xv_COIN-all.dll
0x00007ff890f40000 - 0x00007ff890f5c000 	C:\Xilinx\Vivado\2024.2\lib\win64.o\librdiconfig.dll
0x00007ff832d70000 - 0x00007ff832e15000 	C:\Xilinx\Vivado\2024.2\lib\win64.o\libhdxml.dll
0x00007ff87bc60000 - 0x00007ff87bc7a000 	C:\Xilinx\Vivado\2024.2\lib\win64.o\pthreadVC2.dll
0x00007ff81c360000 - 0x00007ff81e277000 	C:\Xilinx\Vivado\2024.2\lib\win64.o\gurobi90.dll
0x00007ff8c11a0000 - 0x00007ff8c1201000 	C:\windows\System32\WLDAP32.dll
0x00007ff8c21d0000 - 0x00007ff8c21d8000 	C:\windows\System32\Normaliz.dll
0x00007ff87b950000 - 0x00007ff87b9c7000 	C:\Xilinx\Vivado\2024.2\lib\win64.o\xv_lmx.dll
0x00007ff85e6e0000 - 0x00007ff85e762000 	C:\Xilinx\Vivado\2024.2\lib\win64.o\libhdlpsolve.dll
0x00007ff832530000 - 0x00007ff8325e7000 	C:\Xilinx\Vivado\2024.2\lib\win64.o\libzstd.dll
0x00007ff81b160000 - 0x00007ff81c357000 	C:\Xilinx\Vivado\2024.2\lib\win64.o\xv_isl_iostreams.dll
0x00007ff87bc30000 - 0x00007ff87bc60000 	C:\windows\SYSTEM32\VCOMP140.DLL
0x00007ff8bf570000 - 0x00007ff8bf598000 	C:\windows\SYSTEM32\USERENV.dll
0x00007ff8b4400000 - 0x00007ff8b44b3000 	C:\windows\WinSxS\amd64_microsoft.windows.common-controls_6595b64144ccf1df_5.82.22621.3527_none_b43b7f4b638cc64f\COMCTL32.dll
0x00007ff8b9440000 - 0x00007ff8b945f000 	C:\windows\SYSTEM32\dhcpcsvc.DLL
0x00007ff88f280000 - 0x00007ff88f53f000 	C:\windows\SYSTEM32\iertutil.dll
0x00007ff8a0170000 - 0x00007ff8a0198000 	C:\windows\SYSTEM32\srvcli.dll
0x00007ff8beb10000 - 0x00007ff8beb1c000 	C:\windows\SYSTEM32\netutils.dll
0x00007ff8bda20000 - 0x00007ff8be32d000 	C:\windows\SYSTEM32\windows.storage.dll
0x00007ff8b4390000 - 0x00007ff8b439a000 	C:\windows\SYSTEM32\VERSION.dll
0x00007ff87b720000 - 0x00007ff87b739000 	C:\Xilinx\Vivado\2024.2\lib\win64.o\librdizlib.dll
0x00007ff87b700000 - 0x00007ff87b71c000 	C:\Xilinx\Vivado\2024.2\lib\win64.o\xv_isl_iosutils.dll
0x00007ff87b6d0000 - 0x00007ff87b6fa000 	C:\Xilinx\Vivado\2024.2\lib\win64.o\zlib1.dll
0x00007ff8a0120000 - 0x00007ff8a0164000 	C:\windows\SYSTEM32\LOGONCLI.DLL
0x00007ff8ba0a0000 - 0x00007ff8ba0b9000 	C:\windows\SYSTEM32\SAMCLI.DLL
0x00007ff879ed0000 - 0x00007ff879ef1000 	C:\Xilinx\Vivado\2024.2\lib\win64.o\boost_iostreams.dll
0x00007ff825910000 - 0x00007ff825bd1000 	C:\Xilinx\Vivado\2024.2\lib\win64.o\xerces-c_3_2.dll
0x00007ff8bf480000 - 0x00007ff8bf4ea000 	C:\windows\SYSTEM32\MSWSOCK.DLL
0x00007ff8c2200000 - 0x00007ff8c2231000 	C:\windows\System32\IMM32.DLL
0x00007ff8bfb70000 - 0x00007ff8bfb82000 	C:\windows\SYSTEM32\MSASN1.dll
0x00007ff8bf6e0000 - 0x00007ff8bf6fb000 	C:\windows\SYSTEM32\CRYPTSP.dll
0x00007ff8bef70000 - 0x00007ff8befa7000 	C:\windows\system32\rsaenh.dll
0x00007ff8bf6d0000 - 0x00007ff8bf6dc000 	C:\windows\SYSTEM32\CRYPTBASE.dll
0x00007ff8c09e0000 - 0x00007ff8c0a5b000 	C:\windows\System32\bcryptPrimitives.dll
0x00007ff8c2d30000 - 0x00007ff8c2d4f000 	C:\windows\System32\imagehlp.dll
0x00007ff8bf010000 - 0x00007ff8bf028000 	C:\windows\SYSTEM32\kernel.appcore.dll
0x00007ff8bf510000 - 0x00007ff8bf536000 	C:\windows\SYSTEM32\gpapi.dll
0x00007ff8b1050000 - 0x00007ff8b1082000 	C:\Windows\System32\cryptnet.dll
0x00007ff8bfe00000 - 0x00007ff8bfe2b000 	C:\windows\SYSTEM32\profapi.dll
0x00007ff8be9d0000 - 0x00007ff8be9fd000 	C:\windows\SYSTEM32\IPHLPAPI.DLL
0x00007ff8bd0f0000 - 0x00007ff8bd0fd000 	C:\windows\SYSTEM32\WINNSI.DLL
0x00007ff8c2810000 - 0x00007ff8c2819000 	C:\windows\System32\NSI.dll
0x00007ff822330000 - 0x00007ff8229fc000 	C:\Xilinx\Vivado\2024.2\lib\win64.o\xv_commontasks.dll
0x00007ff812ea0000 - 0x00007ff813c21000 	C:\Xilinx\Vivado\2024.2\tps\win64\jre21.0.1_12\bin\server\jvm.dll
0x00007ff8beda0000 - 0x00007ff8beded000 	C:\windows\SYSTEM32\POWRPROF.dll
0x00007ff8b5530000 - 0x00007ff8b5564000 	C:\windows\SYSTEM32\WINMM.dll
0x00007ff821e20000 - 0x00007ff822320400 	C:\Xilinx\Vivado\2024.2\lib\win64.o\xv_sio.dll
0x00007ff8bed60000 - 0x00007ff8bed73000 	C:\windows\SYSTEM32\UMPDC.dll
0x00007ff8b94c0000 - 0x00007ff8b94d9000 	C:\windows\SYSTEM32\dhcpcsvc6.DLL
0x00007ff88cea0000 - 0x00007ff88cf56000 	C:\windows\SYSTEM32\webio.dll
0x00007ff8bf270000 - 0x00007ff8bf2b3000 	C:\windows\SYSTEM32\SspiCli.dll
0x00007ff8bea00000 - 0x00007ff8beb02000 	C:\windows\SYSTEM32\DNSAPI.dll
0x0000000061eb0000 - 0x0000000061ed6000 	C:\Program Files\Bonjour\mdnsNSP.dll
0x00007ff8b8560000 - 0x00007ff8b856a000 	C:\Windows\System32\rasadhlp.dll
0x00007ff8b87b0000 - 0x00007ff8b8833000 	C:\windows\System32\fwpuclnt.dll
0x00007ff88cda0000 - 0x00007ff88cdb7000 	C:\windows\system32\napinsp.dll
0x00007ff874830000 - 0x00007ff87484b000 	C:\windows\system32\pnrpnsp.dll
0x00007ff86db20000 - 0x00007ff86db31000 	C:\windows\System32\winrnr.dll
0x00007ff866060000 - 0x00007ff866075000 	C:\windows\system32\wshbth.dll
0x00007ff86d9a0000 - 0x00007ff86d9c7000 	C:\windows\system32\nlansp_c.dll
0x00007ff8b92d0000 - 0x00007ff8b92ea000 	C:\windows\SYSTEM32\wkscli.dll
0x00007ff8a0100000 - 0x00007ff8a0112000 	C:\windows\SYSTEM32\cscapi.dll
0x00007ff80efc0000 - 0x00007ff812e93000 	C:\Xilinx\Vivado\2024.2\lib\win64.o\xv_tcltasks.dll
0x00007ff832450000 - 0x00007ff832529000 	C:\Xilinx\Vivado\2024.2\lib\win64.o\xv_xhubtasks.dll
0x00007ff80dad0000 - 0x00007ff80e8af000 	C:\Xilinx\Vivado\2024.2\lib\win64.o\xv_power.dll
0x00007ff80b9d0000 - 0x00007ff80d6b8000 	C:\Xilinx\Vivado\2024.2\lib\win64.o\xv_implflow.dll
0x00007ff800ff0000 - 0x00007ff8069ff000 	C:\Xilinx\Vivado\2024.2\lib\win64.o\xv_route.dll
0x00007ff80ad70000 - 0x00007ff80b9c4000 	C:\Xilinx\Vivado\2024.2\lib\win64.o\xv_lopt.dll
0x00007ff80a170000 - 0x00007ff80ad6b000 	C:\Xilinx\Vivado\2024.2\lib\win64.o\xv_project.dll
0x00007ff82b440000 - 0x00007ff82b5a6000 	C:\Xilinx\Vivado\2024.2\lib\win64.o\xv_chipscope.dll
0x00007ff81e350000 - 0x00007ff81eb11000 	C:\Xilinx\Vivado\2024.2\lib\win64.o\xv_runs.dll
0x00007fffe4790000 - 0x00007fffea0f5000 	C:\Xilinx\Vivado\2024.2\lib\win64.o\xv_place.dll
0x00007ff808be0000 - 0x00007ff8097de000 	C:\Xilinx\Vivado\2024.2\lib\win64.o\xv_rsb.dll
0x00007ff807f30000 - 0x00007ff808bdd000 	C:\Xilinx\Vivado\2024.2\lib\win64.o\xv_drc.dll
0x00007ff8274d0000 - 0x00007ff8275dc000 	C:\Xilinx\Vivado\2024.2\lib\win64.o\xv_dsp.dll
0x00007fffec340000 - 0x00007fffeef18000 	C:\Xilinx\Vivado\2024.2\lib\win64.o\xv_mig.dll
0x00007ff826400000 - 0x00007ff826685000 	C:\Xilinx\Vivado\2024.2\lib\win64.o\xv_chipscopeimpl.dll
0x00007ff81acc0000 - 0x00007ff81b157000 	C:\Xilinx\Vivado\2024.2\lib\win64.o\xv_dlyest.dll
0x00007fffeaa40000 - 0x00007fffec339000 	C:\Xilinx\Vivado\2024.2\lib\win64.o\xv_timing.dll
0x00007ff862310000 - 0x00007ff862389000 	C:\Xilinx\Vivado\2024.2\lib\win64.o\xv_pfi.dll

dbghelp: loaded successfully - version: 4.0.5 - missing functions: none
symbol engine: initialized successfully - sym options: 0x614 - pdb path: .;C:\Xilinx\Vivado\2024.2\bin\unwrapped\win64.o;C:\windows\SYSTEM32;C:\Xilinx\Vivado\2024.2\lib\win64.o;C:\windows\WinSxS\amd64_microsoft.windows.common-controls_6595b64144ccf1df_5.82.22621.3527_none_b43b7f4b638cc64f;C:\Xilinx\Vivado\2024.2\tps\win64\jre21.0.1_12\bin\server;C:\Program Files\Bonjour;C:\Xilinx\Vivado\2024.2\tps\win64\jre21.0.1_12\bin;C:\windows\WinSxS\amd64_microsoft.windows.common-controls_6595b64144ccf1df_6.0.22621.4830_none_270fe7d773858e80

VM Arguments:
jvm_args: -Dsun.java2d.pmoffscreen=false -Dhttps.protocols=TLSv1,TLSv1.1,TLSv1.2 -Dsun.java2d.xrender=false -Dsun.java2d.d3d=false -Dsun.awt.nopixfmt=true -Dsun.java2d.dpiaware=true -Dsun.java2d.uiScale.enabled=false -Dswing.aatext=true -XX:-UsePerfData -Djdk.map.althashing.threshold=512 -XX:StringTableSize=4072 -XX:+UseStringDeduplication -XX:MaxGCPauseMillis=200 -XX:ParallelGCThreads=4 -XX:+ParallelRefProcEnabled --add-opens=java.desktop/javax.swing.plaf.synth=ALL-UNNAMED --add-opens=java.base/java.nio=ALL-UNNAMED --add-opens=java.desktop/sun.swing=ALL-UNNAMED --add-opens=java.desktop/javax.swing=ALL-UNNAMED --add-opens=java.desktop/javax.swing.tree=ALL-UNNAMED --add-opens=java.desktop/javax.swing.plaf.basic=ALL-UNNAMED --add-opens=java.desktop/javax.swing.plaf.synth=ALL-UNNAMED --add-opens=java.desktop/javax.swing.plaf.basic=ALL-UNNAMED --add-opens=java.desktop/javax.swing=ALL-UNNAMED --add-opens=java.desktop/javax.swing.tree=ALL-UNNAMED --add-opens=java.desktop/java.awt.event=ALL-UNNAMED --add-exports=java.desktop/javax.swing.plaf.synth=ALL-UNNAMED --add-exports=java.base/java.nio=ALL-UNNAMED --add-exports=java.desktop/sun.swing=ALL-UNNAMED --add-exports=java.desktop/javax.swing=ALL-UNNAMED --add-exports=java.desktop/javax.swing.tree=ALL-UNNAMED --add-exports=java.desktop/javax.swing.plaf.basic=ALL-UNNAMED --add-exports=java.desktop/sun.swing=ALL-UNNAMED --add-exports=java.desktop/sun.swing.table=ALL-UNNAMED --add-exports=java.desktop/sun.swing.plaf.synth=ALL-UNNAMED --add-exports=java.desktop/sun.awt.shell=ALL-UNNAMED --add-exports=java.base/sun.security.action=ALL-UNNAMED --add-exports=java.desktop/sun.font=ALL-UNNAMED -XX:NewSize=80m -XX:MaxNewSize=80m -Xms512m -Xmx4072m -Xss10m 
java_command: <unknown>
java_class_path (initial): C:/Xilinx/Vivado/2024.2\lib\classes\apiguardian-api-1.1.0.jar;C:/Xilinx/Vivado/2024.2\lib\classes\asm-9.6-11.0.11-90.jar;C:/Xilinx/Vivado/2024.2\lib\classes\asm-analysis-9.6-11.0.11-90.jar;C:/Xilinx/Vivado/2024.2\lib\classes\asm-commons-9.6-11.0.11-90.jar;C:/Xilinx/Vivado/2024.2\lib\classes\asm-tree-9.6-11.0.11-90.jar;C:/Xilinx/Vivado/2024.2\lib\classes\autoesl-models-1.0.0-90.jar;C:/Xilinx/Vivado/2024.2\lib\classes\batik-anim-1.0.0-90.jar;C:/Xilinx/Vivado/2024.2\lib\classes\batik-awt-util-1.0.0-90.jar;C:/Xilinx/Vivado/2024.2\lib\classes\batik-bridge-1.0.0-90.jar;C:/Xilinx/Vivado/2024.2\lib\classes\batik-codec-1.0.0-90.jar;C:/Xilinx/Vivado/2024.2\lib\classes\batik-constants-1.0.0-90.jar;C:/Xilinx/Vivado/2024.2\lib\classes\batik-css-1.0.0-90.jar;C:/Xilinx/Vivado/2024.2\lib\classes\batik-dom-1.0.0-90.jar;C:/Xilinx/Vivado/2024.2\lib\classes\batik-ext-1.0.0-90.jar;C:/Xilinx/Vivado/2024.2\lib\classes\batik-gui-util-1.0.0-90.jar;C:/Xilinx/Vivado/2024.2\lib\classes\batik-gvt-1.0.0-90.jar;C:/Xilinx/Vivado/2024.2\lib\classes\batik-i18n-1.0.0-90.jar;C:/Xilinx/Vivado/2024.2\lib\classes\batik-parser-1.0.0-90.jar;C:/Xilinx/Vivado/2024.2\lib\classes\batik-script-1.0.0-90.jar;C:/Xilinx/Vivado/2024.2\lib\classes\batik-svg-dom-1.0.0-90.jar;C:/Xilinx/Vivado/2024.2\lib\classes\batik-svggen-1.0.0-90.jar;C:/Xilinx/Vivado/2024.2\lib\classes\batik-swing-1.0.0-90.jar;C:/Xilinx/Vivado/2024.2\lib\classes\batik-transcoder-1.0.0-90.jar;C:/Xilinx/Vivado/2024.2\lib\classes\batik-util-1.0.0-90.jar;C:/Xilinx/Vivado/2024.2\lib\classes\batik-xml-1.0.0-90.jar;C:/Xilinx/Vivado/2024.2\lib\classes\checker-qual-3.12.0.jar;C:/Xilinx/Vivado/2024.2\lib\classes\com.fasterxml.jackson.core.jackson-annotations_2.12.1.v20210128-1726-1.0.0-90.jar;C:/Xilinx/Vivado/2024.2\lib\classes\com.fasterxml.jackson.core.jackson-annotations_2.12.1.v20210128-1726-1.5.0-90.jar;C:/Xilinx/Vivado/2024.2\lib\classes\com.fasterxml.jackson.core.jackson-core_2.12.1.v20210128-1726-1.0.0-90.jar;C:/Xilinx/Vivado/2024.2\lib\classes\com.fasterxml.jackson.core.jackson-core_2.12.1.v20210128-1726-1.5.0-90.jar;C:/Xilinx/Vivado/2024.2\lib\classes\com.fasterxml.jackson.core.jackson-databind_2.12.1.v20210128-1726-1.0.0-90.jar;C:/Xilinx/Vivado/2024.2\lib\classes\com.fasterxml.jackson.core.jackson-databind_2.12.1.v20210128-1726-1.5.0-90.jar;C:/Xilinx/Vivado/2024.2\lib\classes\com.google.gson_2.8.9.v20220111-1409-1.5.0-90.jar;C:/Xilinx/Vivado/2024.2\lib\classes\com.google.guava_30.1.0.v20210127-2300-1.5.0-90.jar;C:/Xilinx/Vivado/2024.2\lib\classes\com.sigasi.hdt.connection_4.17.2.202304211001-1.5.0-90.jar;C:/Xilinx/Vivado/2024.2\lib\classes\com.sigasi.hdt.epl_4.17.2.202304211001-1.5.0-90.jar;C:/Xilinx/Vivado/2024.2\lib\classes\com.sigasi.hdt.project_4.17.2.202304211001-1.5.0-90.jar;C:/Xilinx/Vivado/2024.2\lib\classes\com.sigasi.hdt.readonlyfilesystem_4.17.2.202304211001-1.5.0-90.jar;C:/Xilinx/Vivado/2024.2\lib\classes\com.sigasi.hdt.shared_4.17.2.202304211001-1.5.0-90.jar;C:/Xilinx/Vivado/2024.2\lib\classes\com.sigasi.lcm_4.17.2.202304211001-1.5.0-90.jar;C:/Xilinx/Vivado/2024.2\lib\classes\com.sigasi.lsp.server.extensions_4.17.2.202304211001-1.5.0-90.jar;C:/Xilinx/Vivado/2024.2\lib\classes\com.sigasi.sdk.client_1.5.0.202304211001-1.5.0-90.jar;C:/Xilinx/Vivado/2024.2\lib\classes\commons-collections4-4.1-3.7.8-90.jar;C:/Xilinx/Vivado/2024.2\lib\classes\commons-compress-1.21-3.7.8-90.jar;C:/Xilinx/Vivado/2024.2\lib\classes\commons-io-2.15.0-11.0.11-90.jar;C:/Xilinx/Vivado/2024.2\lib\classes\commons-io-2.6.jar;C:/Xilinx/Vivado/2024.2\lib\classes\commons-lang3-3.14.0-11.0.11-90.jar;C:/Xilinx/Vivado/2024.2\lib\classes\commons-math-2.2-3.7.8-90.jar;C:/Xilinx/Vivado/2024.2\lib\classes\DispatchProtocol-1.24.0-595.jar;C:/Xilinx/Vivado/2024.2\lib\classes\dom4j-1.6.1-3.7.8-90.jar;C:/Xilinx/Vivado/2024.2\lib\classes\error_prone_annotations-2.11.0.jar;C:/Xilinx/Vivado/2024.2\lib\classes\failureaccess-1.0.1.jar;C:/Xilinx/Vivado/2024.2\lib\classes\frank_frameworks-1.0.0-595.jar;C:/Xilinx/Vivado/2024.2\lib\classes\gson-2.8.9.jar;C:/Xilinx/Vivado/2024.2\lib\classes\guava-31.1-android.jar;C:/Xilinx/Vivado/2024.2\lib\classes\help-1.24.0-412.jar;C:/Xilinx/Vivado/2024.2\lib\classes\hsqldb-3.7.8-90.jar;C:/Xilinx/Vivado/2024.2\lib\classes\j2objc-annotations-1.3.jar;C:/Xilinx/Vivado/2024.2\lib\classes\jakarta.annotation-api-2.1.0-11.0.11-90.jar;C:/Xilinx/Vivado/2024.2\lib\classes\jakarta.json-2.0.0-RC2-1.5.0-90.jar;C:/Xilinx/Vivado/2024.2\lib\classes\jakarta.json-api-2.0.0-RC2-1.5.0-90.jar;C:/Xilinx/Vivado/2024.2\lib\classes\jakarta.transaction-api-2.0.0-11.0.11-90.jar;C:/Xilinx/Vivado/2024.2\lib\classes\jaxb-api-2.3.0.jar;C:/Xilinx/Vivado/2024.2\lib\classes\jericho-html-3.4-1.0.0-90.jar;C:/Xilinx/Vivado/2024.2\lib\classes\jetty-jakarta-servlet-api-5.0.2-11.0.11-90.jar;C:/Xilinx/Vivado/2024.2\lib\classes\jh-2.0.05-90.jar;C:/Xilinx/Vivado/2024.2\lib\classes\jide-action-3.7.8-90.jar;C:/Xilinx/Vivado/2024.2\lib\classes\jide-charts-3.7.8-90.jar;C:/Xilinx/Vivado/2024.2\lib\classes\jide-common-3.7.8-90.jar;C:/Xilinx/Vivado/2024.2\lib\classes\jide-components-3.7.8-90.jar;C:/Xilinx/Vivado/2024.2\lib\classes\jide-dashboard-3.7.8-90.jar;C:/Xilinx/Vivado/2024.2\lib\classes\jide-data-3.7.8-90.jar;C:/Xilinx/Vivado/2024.2\lib\classes\jide-dialogs-3.7.8-90.jar;C:/Xilinx/Vivado/2024.2\lib\classes\jide-diff-3.7.8-90.jar;C:/Xilinx/Vivado/2024.2\lib\classes\jide-dock-3.7.8-90.jar;C:/Xilinx/Vivado/2024.2\lib\classes\jide-editor-3.7.8-90.jar;C:/Xilinx/Vivado/2024.2\lib\classes\jide-gantt-3.7.8-90.jar;C:/Xilinx/Vivado/2024.2\lib\classes\jide-grids-3.7.8-90.jar;C:/Xilinx/Vivado/2024.2\lib\classes\jide-pivot-3.7.8-90.jar;C:/Xilinx/Vivado/2024.2\lib\classes\jide-plaf-jdk7-3.7.8-90.jar;C:/Xilinx/Vivado/2024.2\lib\classes\jide-properties-3.7.8-90.jar;C:/Xilinx/Vivado/2024.2\lib\classes\jide-shortcut-3.7.8-90.jar;C:/Xilinx/Vivado/2024.2\lib\classes\jide-treemap-3.7.8-90.jar;C:/Xilinx/Vivado/2024.2\lib\classes\JRCClient-1.24.0-595.jar;C:/Xilinx/Vivado/2024.2\lib\classes\jsr305-3.0.2.jar;C:/Xilinx/Vivado/2024.2\lib\classes\junit-jupiter-api-5.6.2.jar;C:/Xilinx/Vivado/2024.2\lib\classes\junit-platform-commons-1.6.2.jar;C:/Xilinx/Vivado/2024.2\lib\classes\justify-3.0.0-RC2-1.5.0-90.jar;C:/Xilinx/Vivado/2024.2\lib\classes\jydocking-3.3.1-90.jar;C:/Xilinx/Vivado/2024.2\lib\classes\jytable-3.3.1-90.jar;C:/Xilinx/Vivado/2024.2\lib\classes\jywidgets-3.3.1-90.jar;C:/Xilinx/Vivado/2024.2\lib\classes\listenablefuture-9999.0-empty-to-avoid-conflict-with-guava.jar;C:/Xilinx/Vivado/2024.2\lib\classes\log4j-1.2-api-2.17.1-1.5.0-90.jar;C:/Xilinx/Vivado/2024.2\lib\classes\log4j-api-2.17.1-1.5.0-90.jar;C:/Xilinx/Vivado/2024.2\lib\classes\log4j-core-2.17.1-1.5.0-90.jar;C:/Xilinx/Vivado/2024.2\lib\classes\lucene-analyzers-common-4.10.2-3.7.8-90.jar;C:/Xilinx/Vivado/2024.2\lib\classes\lucene-core-4.10.2-3.7.8-90.jar;C:/Xilinx/Vivado/2024.2\lib\classes\lucene-queryparser-4.10.2-3.7.8-90.jar;C:/Xilinx/Vivado/2024.2\lib\classes\matlab_jmi-1.0.0-90.jar;C:/Xilinx/Vivado/2024.2\lib\classes\miglayout-3.7.3.1.jar;C:/Xilinx/Vivado/2024.2\lib\classes\nlview_java-1.0.0-90.jar;C:/Xilinx/Vivado/2024.2\lib\classes\opentest4j-1.2.0.jar;C:/Xilinx/Vivado/2024.2\lib\classes\org.apache.commons.lang_2.6.0.v201404270220-1.0.0-90.jar;C:/Xilinx/Vivado/2024.2\lib\classes\org.eclipse.core.commands-3.6.0-1.0.0-90.jar;C:/Xilinx/Vivado/2024.2\lib\classes\org.eclipse.core.filesystem_1.7.400.v20190518-1151-1.0.0-90.jar;C:/Xilinx/Vivado/2024.2\lib\classes\org.eclipse.core.jobs_3.10.400.v20190506-1457-1.0.0-90.jar;C:/Xilinx/Vivado/2024.2\lib\classes\org.eclipse.core.resources_3.13.400.v20190505-1655-1.0.0-90.jar;C:/Xilinx/Vivado/2024.2\lib\classes\org.eclipse.emf.common_2.18.0.v20191225-1014-1.0.0-90.jar;C:/Xilinx/Vivado/2024.2\lib\classes\org.eclipse.emf.common_2.24.0.v20220123-0838-1.5.0-90.jar;C:/Xilinx/Vivado/2024.2\lib\classes\org.eclipse.emf.ecore.xmi_2.16.0.v20190528-0725-1.0.0-90.jar;C:/Xilinx/Vivado/2024.2\lib\classes\org.eclipse.emf.ecore_2.21.0.v20200127-1342-1.0.0-90.jar;C:/Xilinx/Vivado/2024.2\lib\classes\org.eclipse.equinox.common_3.11.0.v20200206-0817-1.0.0-90.jar;C:/Xilinx/Vivado/2024.2\lib\classes\org.eclipse.equinox.registry_3.8.400.v20190516-1504-1.0.0-90.jar;C:/Xilinx/Vivado/2024.2\lib\classes\org.eclipse.jetty.alpn.client_11.0.18-11.0.11-90.jar;C:/Xilinx/Vivado/2024.2\lib\classes\org.eclipse.jetty.annotations_11.0.18-11.0.11-90.jar;C:/Xilinx/Vivado/2024.2\lib\classes\org.eclipse.jetty.client_11.0.18-11.0.11-90.jar;C:/Xilinx/Vivado/2024.2\lib\classes\org.eclipse.jetty.http_11.0.18-11.0.11-90.jar;C:/Xilinx/Vivado/2024.2\lib\classes\org.eclipse.jetty.io_11.0.18-11.0.11-90.jar;C:/Xilinx/Vivado/2024.2\lib\classes\org.eclipse.jetty.jndi_11.0.18-11.0.11-90.jar;C:/Xilinx/Vivado/2024.2\lib\classes\org.eclipse.jetty.plus_11.0.18-11.0.11-90.jar;C:/Xilinx/Vivado/2024.2\lib\classes\org.eclipse.jetty.security_11.0.18-11.0.11-90.jar;C:/Xilinx/Vivado/2024.2\lib\classes\org.eclipse.jetty.server_11.0.18-11.0.11-90.jar;C:/Xilinx/Vivado/2024.2\lib\classes\org.eclipse.jetty.servlet_11.0.18-11.0.11-90.jar;C:/Xilinx/Vivado/2024.2\lib\classes\org.eclipse.jetty.util_11.0.18-11.0.11-90.jar;C:/Xilinx/Vivado/2024.2\lib\classes\org.eclipse.jetty.webapp_11.0.18-11.0.11-90.jar;C:/Xilinx/Vivado/2024.2\lib\classes\org.eclipse.jetty.websocket.api_11.0.18-11.0.11-90.jar;C:/Xilinx/Vivado/2024.2\lib\classes\org.eclipse.jetty.websocket.client_11.0.18-11.0.11-90.jar;C:/Xilinx/Vivado/2024.2\lib\classes\org.eclipse.jetty.websocket.common_11.0.18-11.0.11-90.jar;C:/Xilinx/Vivado/2024.2\lib\classes\org.eclipse.jetty.websocket.core.client_11.0.18-11.0.11-90.jar;C:/Xilinx/Vivado/2024.2\lib\classes\org.eclipse.jetty.websocket.core.common_11.0.18-11.0.11-90.jar;C:/Xilinx/Vivado/2024.2\lib\classes\org.eclipse.jetty.websocket.core.server_11.0.18-11.0.11-90.jar;C:/Xilinx/Vivado/2024.2\lib\classes\org.eclipse.jetty.websocket.server_11.0.18-11.0.11-90.jar;C:/Xilinx/Vivado/2024.2\lib\classes\org.eclipse.jetty.websocket.servlet_11.0.18-11.0.11-90.jar;C:/Xilinx/Vivado/2024.2\lib\classes\org.eclipse.jetty.xml_11.0.18-11.0.11-90.jar;C:/Xilinx/Vivado/2024.2\lib\classes\org.eclipse.lsp4j.jsonrpc_0.12.0.v20210402-1305-1.5.0-90.jar;C:/Xilinx/Vivado/2024.2\lib\classes\org.eclipse.lsp4j_0.12.0.v20210402-1305-1.5.0-90.jar;C:/Xilinx/Vivado/2024.2\lib\classes\org.eclipse.xtext.util_2.18.0.v20190603-1042-1.0.0-90.jar;C:/Xilinx/Vivado/2024.2\lib\classes\org.eclipse.xtext.util_2.26.0.v20220228-0751-1.5.0-90.jar;C:/Xilinx/Vivado/2024.2\lib\classes\org.eclipse.xtext.xbase.lib_2.26.0.v20220228-0748-1.5.0-90.jar;C:/Xilinx/Vivado/2024.2\lib\classes\picocli-4.1.2.jar;C:/Xilinx/Vivado/2024.2\lib\classes\planAhead.jar;C:/Xilinx/Vivado/2024.2\lib\classes\poi-4.1.1-3.7.8-90.jar;C:/Xilinx/Vivado/2024.2\lib\classes\poi-ooxml-4.1.1-3.7.8-90.jar;C:/Xilinx/Vivado/2024.2\lib\classes\poi-ooxml-schemas-4.1.1-3.7.8-90.jar;C:/Xilinx/Vivado/2024.2\lib\classes\protobuf-java-3.21.12.jar;C:/Xilinx/Vivado/2024.2\lib\classes\protobuf-java-util-3.21.12.jar;C:/Xilinx/Vivado/2024.2\lib\classes\RuleService-1.24.0-595.jar;C:/Xilinx/Vivado/2024.2\lib\classes\slf4j-api-2.0.9-11.0.11-90.jar;C:/Xilinx/Vivado/2024.2\lib\classes\swingx-core-1.6.2-90.jar;C:/Xilinx/Vivado/2024.2\lib\classes\synthetica-3.3.1-90.jar;C:/Xilinx/Vivado/2024.2\lib\classes\syntheticaAddons-3.3.1-90.jar;C:/Xilinx/Vivado/2024.2\lib\classes\syntheticaDark-3.3.1-90.jar;C:/Xilinx/Vivado/2024.2\lib\classes\syntheticaPlain-3.3.1-90.jar;C:/Xilinx/Vivado/2024.2\lib\classes\syntheticaPlainAddon-3.3.1-90.jar;C:/Xilinx/Vivado/2024.2\lib\classes\sysgen.jar;C:/Xilinx/Vivado/2024.2\lib\classes\va-shared-1.0.0-595.jar;C:/Xilinx/Vivado/2024.2\lib\classes\VlmGUI.jar;C:/Xilinx/Vivado/2024.2\lib\classes\xml-apis-ext-1.0.0-90.jar;C:/Xilinx/Vivado/2024.2\lib\classes\xmlbeans-3.1.0-3.7.8-90.jar;C:/Xilinx/Vivado/2024.2\lib\classes\xmlgraphics-commons-1.0.0-90.jar;C:/Xilinx/Vivado/2024.2\lib\classes\yfiles-for-java-swing-3.3.0-90.jar;C:/Xilinx/Vivado/2024.2\lib\classes\windows\gluegen-rt-95.0.4638.69-90.jar;C:/Xilinx/Vivado/2024.2\lib\classes\windows\gluegen-rt-natives-windows-amd64-95.0.4638.69-90.jar;C:/Xilinx/Vivado/2024.2\lib\classes\windows\javafx-swt-21.0.1-90.jar;C:/Xilinx/Vivado/2024.2\lib\classes\windows\javafx.base-21.0.1-90.jar;C:/Xilinx/Vivado/2024.2\lib\classes\windows\javafx.controls-21.0.1-90.jar;C:/Xilinx/Vivado/2024.2\lib\classes\windows\javafx.fxml-21.0.1-90.jar;C:/Xilinx/Vivado/2024.2\lib\classes\windows\javafx.graphics-21.0.1-90.jar;C:/Xilinx/Vivado/2024.2\lib\classes\windows\javafx.media-21.0.1-90.jar;C:/Xilinx/Vivado/2024.2\lib\classes\windows\javafx.swing-21.0.1-90.jar;C:/Xilinx/Vivado/2024.2\lib\classes\windows\javafx.web-21.0.1-90.jar;C:/Xilinx/Vivado/2024.2\lib\classes\windows\jcef-95.0.4638.69-90.jar;C:/Xilinx/Vivado/2024.2\lib\classes\windows\jcef-tests-95.0.4638.69-90.jar;C:/Xilinx/Vivado/2024.2\lib\classes\windows\jogl-all-95.0.4638.69-90.jar;C:/Xilinx/Vivado/2024.2\lib\classes\windows\jogl-all-natives-windows-amd64-95.0.4638.69-90.jar
Launcher Type: generic

[Global flags]
     intx CICompilerCount                          = 12                                        {product} {ergonomic}
     uint ConcGCThreads                            = 1                                         {product} {ergonomic}
     uint G1ConcRefinementThreads                  = 4                                         {product} {ergonomic}
   size_t G1HeapRegionSize                         = 2097152                                   {product} {ergonomic}
    uintx GCDrainStackTargetSize                   = 64                                        {product} {ergonomic}
   size_t InitialHeapSize                          = 536870912                                 {product} {command line}
   size_t MarkStackSize                            = 4194304                                   {product} {ergonomic}
    uintx MaxGCPauseMillis                         = 200                                       {product} {command line}
   size_t MaxHeapSize                              = 4269801472                                {product} {command line}
   size_t MaxNewSize                               = 83886080                                  {product} {command line}
   size_t MinHeapDeltaBytes                        = 2097152                                   {product} {ergonomic}
   size_t MinHeapSize                              = 536870912                                 {product} {command line}
   size_t NewSize                                  = 83886080                                  {product} {command line}
    uintx NonNMethodCodeHeapSize                   = 7602480                                {pd product} {ergonomic}
    uintx NonProfiledCodeHeapSize                  = 122027880                              {pd product} {ergonomic}
     uint ParallelGCThreads                        = 4                                         {product} {command line}
     bool ParallelRefProcEnabled                   = true                                      {product} {command line}
    uintx ProfiledCodeHeapSize                     = 122027880                              {pd product} {ergonomic}
    uintx ReservedCodeCacheSize                    = 251658240                              {pd product} {ergonomic}
     bool SegmentedCodeCache                       = true                                      {product} {ergonomic}
   size_t SoftMaxHeapSize                          = 4269801472                             {manageable} {ergonomic}
    uintx StringTableSize                          = 4072                                      {product} {command line}
     intx ThreadStackSize                          = 10240                                  {pd product} {command line}
     bool UseCompressedOops                        = true                           {product lp64_product} {ergonomic}
     bool UseG1GC                                  = true                                      {product} {ergonomic}
     bool UseLargePagesIndividualAllocation        = false                                  {pd product} {ergonomic}
     bool UsePerfData                              = false                                     {product} {command line}
     bool UseStringDeduplication                   = true                                      {product} {command line}

Logging:
Log output configuration:
 #0: stdout all=warning uptime,level,tags foldmultilines=false
 #1: stderr all=off uptime,level,tags foldmultilines=false

Environment Variables:
PATH=C:/Xilinx/Vivado/2024.2\gnuwin\bin;C:/Xilinx/Vivado/2024.2\gnu\microblaze\nt\bin;C:/Xilinx/Vivado/2024.2/bin;C:/Xilinx/Vivado/2024.2/tps/win64/java-cef-95.0.4638.69/bin/lib/win64;C:/Xilinx/Vivado/2024.2/tps/win64/javafx-sdk-21.0.1/lib;C:/Xilinx/Vivado/2024.2/tps/win64/javafx-sdk-21.0.1/bin;C:/Xilinx/Vivado/2024.2/lib/win64.o;C:/Xilinx/Vivado/2024.2/tps/win64/jre21.0.1_12/bin/server;C:/Xilinx/Vivado/2024.2/tps/win64/jre21.0.1_12/bin;C:/Xilinx/Vitis/2024.2/bin;C:/Xilinx/Vivado/2024.2/ids_lite/ISE/bin/nt64;C:/Xilinx/Vivado/2024.2/ids_lite/ISE/lib/nt64;C:/Xilinx/Vitis_HLS/2024.2/bin;C:\Program Files (x86)\Siemens\Automation\SCADA-RT_V11\WinCC\Bin;C:\Program Files (x86)\Common Files\Siemens\Bin;C:\Program Files (x86)\Common Files\Siemens\CommonArchiving;C:\Program Files (x86)\Common Files\Siemens\ACE\Bin;C:\Program Files\Common Files\Siemens\Automation\Simatic OAM\bin;C:\windows\system32;C:\windows;C:\windows\System32\Wbem;C:\windows\System32\WindowsPowerShell\v1.0\;C:\windows\System32\OpenSSH\;C:\Program Files\HP\HP One Agent;C:\Program Files\dotnet\;C:\Program Files\NVIDIA Corporation\NVIDIA app\NvDLISR;C:\Program Files\Git\cmd;C:\Program Files (x86)\NVIDIA Corporation\PhysX\Common;C:\Program Files\Microsoft SQL Server\Client SDK\ODBC\130\Tools\Binn\;C:\Program Files (x86)\Microsoft SQL Server\130\Tools\Binn\;C:\Program Files\Microsoft SQL Server\130\Tools\Binn\;C:\Program Files\Microsoft SQL Server\130\DTS\Binn\;C:\Program Files (x86)\Common Files\Siemens\;C:\Program Files (x86)\Common Files\Siemens\Interfaces;C:\Program Files (x86)\Common Files\Siemens\ACE\Interfaces;C:\Program Files (x86)\Siemens\Automation\SCADA-RT_V11\WinCC\Interfaces;C:\Program Files\gs\gs10.04.0\bin;C:\Program Files\OpenSSL-Win64\bin;C:\Users\baiyo\AppData\Local\Programs\Python\Launcher\;C:\Users\baiyo\AppData\Local\Programs\Python\Python312\Scripts\;C:\Users\baiyo\AppData\Local\Programs\Python\Python312\;C:\Users\baiyo\AppData\Local\Microsoft\WindowsApps;C:\Users\baiyo\AppData\Local\Programs\Microsoft VS Code\bin;C:\Users\baiyo\AppData\Local\GitHubDesktop\bin;C:\Users\baiyo\AppData\Local\Muse Hub\lib;C:/Xilinx/Vivado/2024.2\tps\mingw\6.2.0\win64.o\nt\bin;C:/Xilinx/Vivado/2024.2\tps\mingw\6.2.0\win64.o\nt\libexec\gcc\x86_64-w64-mingw32\6.2.0;C:/Xilinx/Vivado/2024.2\tps\win64\python-3.8.3;C:/Xilinx/Vivado/2024.2\tps\win64\python-3.8.3\bin;C:/Xilinx/Vivado/2024.2\tps\win64\python-3.8.3\lib;C:/Xilinx/Vivado/2024.2\tps\win64\python-3.8.3\lib\site-packages
USERNAME=baiyo
OS=Windows_NT
PROCESSOR_IDENTIFIER=Intel64 Family 6 Model 154 Stepping 3, GenuineIntel
TMP=C:\Users\baiyo\AppData\Local\Temp
TEMP=C:\Users\baiyo\AppData\Local\Temp




Periodic native trim disabled

---------------  S Y S T E M  ---------------

OS:
 Windows 11 , 64 bit Build 22621 (10.0.22621.4974)
OS uptime: 4 days 11:56 hours
Hyper-V role detected

CPU: total 16 (initial active 16) (8 cores per cpu, 2 threads per core) family 6 model 154 stepping 3 microcode 0x435, cx8, cmov, fxsr, ht, mmx, 3dnowpref, sse, sse2, sse3, ssse3, sse4.1, sse4.2, popcnt, lzcnt, tsc, tscinvbit, avx, avx2, aes, erms, clmul, bmi1, bmi2, adx, sha, fma, vzeroupper, clflush, clflushopt, clwb, hv, serialize, rdtscp, rdpid, fsrm, f16c, cet_ibt, cet_ss
Processor Information for all 16 processors :
  Max Mhz: 2500, Current Mhz: 2500, Mhz Limit: 2500

Memory: 4k page, system-wide physical 16049M (4396M free)
TotalPageFile size 29361M (AvailPageFile size 10318M)
current process WorkingSet (physical memory assigned to process): 832M, peak: 1463M
current process commit charge ("private bytes"): 1563M, peak: 2630M

vm_info: OpenJDK 64-Bit Server VM (21.0.1+12-LTS) for windows-amd64 JRE (21.0.1+12-LTS), built on 2023-10-17T00:00:00Z by "admin" with unknown MS VC++:1937

END.
